Date,open,high,low,close,volume
2021-10-01 04:00:00,43650.49,44841.6,43475.43,44811.08,352.48780555
2021-10-01 08:00:00,44829.26,47800.0,44726.3,47492.29,970.22053076
2021-10-01 12:00:00,47530.0,47911.47,46726.35,47370.27,951.88583242
2021-10-01 16:00:00,47399.0,48236.08,47254.09,48046.25,597.10813178
2021-10-01 20:00:00,48058.24,48500.0,47756.69,48171.86,309.5758987
2021-10-02 00:00:00,48185.61,48259.57,47470.43,47543.44,218.15181842
2021-10-02 04:00:00,47552.89,47935.26,47468.15,47767.63,237.35986245
2021-10-02 08:00:00,47760.98,47926.16,47517.73,47720.72,137.52682138
2021-10-02 12:00:00,47720.72,48361.83,47650.26,47882.89,402.96921526
2021-10-02 16:00:00,47900.59,48297.16,47677.27,48274.06,205.04498566
2021-10-02 20:00:00,48276.12,48301.0,47549.64,47685.8,160.7913235
2021-10-03 00:00:00,47644.63,47975.22,47119.87,47943.81,206.46079998
2021-10-03 04:00:00,47940.56,48132.18,47823.99,47917.81,81.2825593
2021-10-03 08:00:00,47922.32,48063.22,47652.3,48023.67,79.65207325
2021-10-03 12:00:00,48018.34,48175.52,47826.52,47912.42,88.88258556
2021-10-03 16:00:00,47912.37,49225.55,47858.2,48818.68,387.65434111
2021-10-03 20:00:00,48841.41,48852.33,47609.09,48235.93,320.6706095
2021-10-04 00:00:00,48231.04,48323.59,47386.42,47519.58,231.2910498
2021-10-04 04:00:00,47480.0,47882.45,47242.23,47864.62,200.25624349
2021-10-04 08:00:00,47866.6,47961.19,47400.0,47619.11,335.35972783
2021-10-04 12:00:00,47611.76,48524.4,46900.0,47828.55,762.63344396
2021-10-04 16:00:00,47776.31,49530.53,47736.37,49403.87,867.26938367
2021-10-04 20:00:00,49424.19,49499.98,48575.0,49242.14,340.9706844
2021-10-05 00:00:00,49283.89,49811.0,49075.0,49320.0,200.01009558
2021-10-05 04:00:00,49323.86,49684.0,49096.84,49485.98,161.7566334
2021-10-05 08:00:00,49505.22,50400.0,49427.04,49901.19,445.71543174
2021-10-05 12:00:00,49901.19,50377.0,49613.0,49792.65,345.3337575
2021-10-05 16:00:00,49807.25,51416.56,49655.97,51220.53,504.57970853
2021-10-05 20:00:00,51231.48,51914.68,51114.62,51501.19,549.20081628
2021-10-06 00:00:00,51521.89,51649.97,50914.4,51564.33,202.89369004
2021-10-06 04:00:00,51550.08,51850.0,51215.0,51475.79,335.81472965
2021-10-06 08:00:00,51479.93,51511.65,50428.64,51337.64,610.71429859
2021-10-06 12:00:00,51293.92,55499.96,51284.15,55030.89,2223.05183864
2021-10-06 16:00:00,54982.23,55121.15,54464.02,55080.67,743.54267768
2021-10-06 20:00:00,55080.67,55800.0,54825.74,55345.79,325.88548291
2021-10-07 00:00:00,55360.1,55360.32,54165.0,54812.32,341.44102115
2021-10-07 04:00:00,54790.3,55246.41,54301.0,54789.95,239.62779677
2021-10-07 08:00:00,54807.6,54807.6,53800.01,54338.67,286.42563631
2021-10-07 12:00:00,54340.03,54712.9,53289.57,53929.64,949.45961678
2021-10-07 16:00:00,53942.69,54340.33,53421.19,53991.95,318.03245714999997
2021-10-07 20:00:00,53991.95,54701.0,53650.0,53787.6,214.71468637
2021-10-08 00:00:00,53816.16,54441.19,53714.76,53835.34,194.88477476
2021-10-08 04:00:00,53824.83,55000.0,53623.02,54786.74,205.40060692
2021-10-08 08:00:00,54852.76,56168.0,54768.61,55293.85,668.00591432
2021-10-08 12:00:00,55264.61,55307.28,54042.7,54352.77,597.35637929
2021-10-08 16:00:00,54343.34,54732.35,54046.94,54709.69,259.82767588
2021-10-08 20:00:00,54692.17,54768.77,53761.26,53957.21,292.27978568
2021-10-09 00:00:00,53952.82,54719.12,53674.69,54595.55,98.06542737
2021-10-09 04:00:00,54589.51,55181.1,54415.0,54946.32,173.37514056999999
2021-10-09 08:00:00,54930.08,55352.03,54501.0,54814.67,238.53715334
2021-10-09 12:00:00,54826.74,55512.05,54826.74,55000.15,317.08563346
2021-10-09 16:00:00,54998.81,55142.08,54593.24,54669.39,86.03835319
2021-10-09 20:00:00,54669.39,55169.8,54336.0,54976.92,147.92153541
2021-10-10 00:00:00,54984.49,55214.39,54129.43,55040.44,154.16227011
2021-10-10 04:00:00,55027.41,56096.97,54886.37,55656.97,265.40540685
2021-10-10 08:00:00,55677.6,55949.6,54716.72,55175.84,207.21088878
2021-10-10 12:00:00,55192.07,55575.93,54666.74,55410.45,283.78755423
2021-10-10 16:00:00,55409.57,55544.62,55020.6,55503.36,89.385304
2021-10-10 20:00:00,55486.91,56561.0,51000.0,54714.95,735.47051111
2021-10-11 00:00:00,54657.0,56800.0,54462.45,56507.45,255.32484862
2021-10-11 04:00:00,56569.0,57092.62,56161.28,56830.45,385.31803828
2021-10-11 08:00:00,56817.67,56891.92,55896.24,56443.66,301.1236887
2021-10-11 12:00:00,56428.8,57677.69,56146.34,57501.74,484.48073454
2021-10-11 16:00:00,57515.82,57855.79,57160.23,57493.74,282.17127915
2021-10-11 20:00:00,57479.84,57574.99,56802.46,57485.2,247.36701405
2021-10-12 00:00:00,57490.0,57490.0,56444.69,56714.65,266.77175059
2021-10-12 04:00:00,56701.86,57701.0,56583.34,57367.18,304.54820323
2021-10-12 08:00:00,57361.51,57618.68,56698.0,57248.98,266.2115861
2021-10-12 12:00:00,57260.38,57460.0,56000.87,56276.05,1030.97796372
2021-10-12 16:00:00,56293.31,56356.38,55111.0,55307.14,691.83002384
2021-10-12 20:00:00,55316.92,56543.96,53909.0,55995.49,664.50017558
2021-10-13 00:00:00,56004.61,56605.75,55834.01,56272.87,180.98078708
2021-10-13 04:00:00,56294.12,56376.0,54560.4,54623.28,408.41400023
2021-10-13 08:00:00,54623.28,55285.96,54231.0,55222.24,866.07164596
2021-10-13 12:00:00,55226.93,56459.48,54500.0,56163.1,880.2089268
2021-10-13 16:00:00,56163.1,57300.0,56077.69,57271.1,663.01690961
2021-10-13 20:00:00,57281.0,57773.89,56632.52,57374.55,361.00456078
2021-10-14 00:00:00,57395.84,58550.0,57171.03,58080.9,324.23171787
2021-10-14 04:00:00,58102.44,58170.13,57340.73,57457.1,237.936655
2021-10-14 08:00:00,57384.7,58174.43,57219.0,57631.56,197.4423773
2021-10-14 12:00:00,57632.09,57900.32,56972.86,57329.33,386.96042069
2021-10-14 16:00:00,57329.83,58079.0,56830.56,57874.33,549.81211526
2021-10-14 20:00:00,57877.42,57900.0,57242.7,57371.58,183.07072619
2021-10-15 00:00:00,57370.48,59459.0,56877.0,59428.52,736.43596835
2021-10-15 04:00:00,59453.99,60000.0,59160.62,59216.69,521.65834101
2021-10-15 08:00:00,59232.38,59549.4,58764.17,59549.4,392.78795051000003
2021-10-15 12:00:00,59528.38,60356.62,59200.0,60034.71,709.4952566
2021-10-15 16:00:00,60036.6,61869.05,59994.01,61454.19,1172.27545188
2021-10-15 20:00:00,61445.79,62944.94,60694.31,61657.35,672.77010195
2021-10-16 00:00:00,61703.45,61771.12,61116.6,61629.83,215.94257402
2021-10-16 04:00:00,61645.23,62352.0,61544.37,61724.24,169.77786213
2021-10-16 08:00:00,61746.33,62044.0,61307.75,61612.26,232.7612469
2021-10-16 12:00:00,61582.7,61582.9,60460.0,60940.93,289.01545012
2021-10-16 16:00:00,60958.47,61209.0,60100.27,60837.26,202.24106638
2021-10-16 20:00:00,60841.56,61284.29,60500.0,60870.26,153.70980221
2021-10-17 00:00:00,60885.27,61395.47,60467.65,61135.7,121.89743188
2021-10-17 04:00:00,61120.82,61259.71,60330.51,60350.32,105.26441438
2021-10-17 08:00:00,60347.43,61442.47,60333.84,60941.54,136.12472024
2021-10-17 12:00:00,60934.86,61256.0,60495.0,60743.93,156.8491817
2021-10-17 16:00:00,60753.34,61081.65,60372.22,60521.65,90.74363847
2021-10-17 20:00:00,60488.09,61712.0,58933.0,61538.97,650.25057417
2021-10-18 00:00:00,61519.52,62560.32,61431.8,62130.32,305.78817876
2021-10-18 04:00:00,62133.66,62679.0,61790.0,61892.61,361.18167721
2021-10-18 08:00:00,61865.48,62444.19,60599.01,60922.57,724.85271971
2021-10-18 12:00:00,60886.46,62225.9,59013.0,62012.02,1846.08261735
2021-10-18 16:00:00,62000.0,62383.87,60779.95,61437.66,1712.68494363
2021-10-18 20:00:00,61413.68,62179.8,61135.08,62034.65,803.96170494
2021-10-19 00:00:00,62014.99,62991.13,61681.92,62576.22,264.27205872
2021-10-19 04:00:00,62608.34,62802.43,62002.23,62301.57,172.67184956
2021-10-19 08:00:00,62277.37,62566.76,61720.0,62150.22,259.3092162
2021-10-19 12:00:00,62144.74,63337.54,61350.0,62422.65,777.7434284
2021-10-19 16:00:00,62385.22,64336.21,62344.18,64248.07,814.14371055
2021-10-19 20:00:00,64232.16,64499.0,63602.99,64241.61,965.59952882
2021-10-20 00:00:00,64282.2,64382.25,63701.38,63870.87,154.52226249
2021-10-20 04:00:00,63880.52,64170.64,63529.0,64021.25,188.08167495
2021-10-20 08:00:00,64021.25,64170.55,63749.43,63808.41,196.67557842
2021-10-20 12:00:00,63792.23,67016.5,63780.21,66882.12,1568.54141978
2021-10-20 16:00:00,66893.03,66961.98,66140.0,66407.91,658.14907306
2021-10-20 20:00:00,66429.76,66455.6,65474.38,65990.31,304.71429135
2021-10-21 00:00:00,66027.81,66047.32,64124.0,65088.15,1028.0244288
2021-10-21 04:00:00,65051.44,65269.23,64138.54,65095.02,291.55999145
2021-10-21 08:00:00,65104.65,66664.1,63666.66,64800.0,865.82478416
2021-10-21 12:00:00,64819.87,65569.38,61850.0,63026.16,964.94438719
2021-10-21 16:00:00,62971.56,63640.5,62441.46,62786.41,516.54263047
2021-10-21 20:00:00,62834.33,63119.07,62000.01,62219.44,224.63231074
2021-10-22 00:00:00,62207.51,63346.51,62136.37,63249.01,419.44842674
2021-10-22 04:00:00,63271.24,63449.24,62493.74,63428.14,607.09077104
2021-10-22 08:00:00,63431.44,63757.28,62900.01,63411.72,359.72697656
2021-10-22 12:00:00,63398.59,63734.59,60450.0,60656.8,990.79566227
2021-10-22 16:00:00,60615.32,61387.34,59953.74,61035.68,537.84159775
2021-10-22 20:00:00,61018.92,61211.22,60094.76,60702.68,244.52185112
2021-10-23 00:00:00,60698.54,61269.9,60355.0,61247.06,179.24746157
2021-10-23 04:00:00,61251.56,61567.52,60715.28,60879.21,98.51939095
2021-10-23 08:00:00,60885.9,61695.0,59633.61,61546.35,229.10893985
2021-10-23 12:00:00,61556.16,61737.38,60711.0,61461.17,231.37341532
2021-10-23 16:00:00,61468.24,61623.14,60915.0,61017.81,100.80318657
2021-10-23 20:00:00,60989.45,61450.0,60814.06,61338.76,217.02726401
2021-10-24 00:00:00,61306.64,61497.33,60829.13,61219.8,74.05462375
2021-10-24 04:00:00,61228.01,61255.89,60575.0,60701.38,82.39194659
2021-10-24 08:00:00,60701.97,61274.0,60158.78,60281.35,198.76694389
2021-10-24 12:00:00,60256.6,60815.95,59612.0,59874.98,408.65915692
2021-10-24 16:00:00,59865.0,60739.68,59510.0,60660.2,240.05849532
2021-10-24 20:00:00,60632.44,61351.28,60567.19,60910.16,200.916569
2021-10-25 00:00:00,60883.96,62244.88,60670.0,62088.73,192.50317944
2021-10-25 04:00:00,62092.83,62889.0,61783.4,62650.0,274.3124032
2021-10-25 08:00:00,62652.08,63183.75,62500.0,62766.24,224.26553031
2021-10-25 12:00:00,62767.21,63632.0,62598.6,63589.46,437.39579964
2021-10-25 16:00:00,63589.46,63733.93,62639.29,62677.17,346.26994628
2021-10-25 20:00:00,62691.9,63374.09,62425.56,63101.43,255.39935728
2021-10-26 00:00:00,63101.43,63299.3,62617.17,62767.99,178.94958018
2021-10-26 04:00:00,62763.78,62820.24,62187.75,62444.03,163.51087935
2021-10-26 08:00:00,62473.21,63104.45,62448.12,62763.75,190.86473669
2021-10-26 12:00:00,62780.88,62873.43,61790.0,62513.97,436.63413189
2021-10-26 16:00:00,62517.18,62814.2,61809.8,61976.54,324.42341827
2021-10-26 20:00:00,61996.87,62309.4,59830.0,60328.22,671.16247877
2021-10-27 00:00:00,60331.4,60863.9,60157.59,60725.39,317.74653387
2021-10-27 04:00:00,60698.4,61489.0,59940.0,59979.11,575.54096587
2021-10-27 08:00:00,59967.03,60000.0,58100.01,58600.0,1128.02559181
2021-10-27 12:00:00,58559.45,59518.03,58286.17,58851.28,537.80483899
2021-10-27 16:00:00,58837.24,59210.39,58218.38,59122.37,440.41408303
2021-10-27 20:00:00,59139.64,59636.52,58427.15,58465.9,480.20608254
2021-10-28 00:00:00,58471.06,59205.21,58144.31,58889.09,425.97869134
2021-10-28 04:00:00,58889.09,59271.83,58730.42,59028.01,309.25420297
2021-10-28 08:00:00,59027.73,61256.12,59027.62,60991.43,562.96320996
2021-10-28 12:00:00,60995.75,61848.54,60901.59,61177.49,485.59886177
2021-10-28 16:00:00,61187.2,61506.22,56425.0,61310.0,1194.6993553
2021-10-28 20:00:00,61340.0,62524.0,60348.33,60592.76,791.26074305
2021-10-29 00:00:00,60608.95,62067.25,60154.53,61668.83,703.56379612
2021-10-29 04:00:00,61669.89,61719.29,60375.0,60578.47,514.19883924
2021-10-29 08:00:00,60556.63,61366.58,60423.05,60952.84,438.51133189
2021-10-29 12:00:00,60923.27,62542.04,60746.84,62311.17,1235.1717650800001
2021-10-29 16:00:00,62305.67,62971.54,61911.29,62574.67,762.62539781
2021-10-29 20:00:00,62574.63,62741.72,62070.0,62301.59,230.57123158
2021-10-30 00:00:00,62278.92,62376.32,61625.5,61700.38,324.20244646
2021-10-30 04:00:00,61691.85,61923.22,61275.0,61563.65,244.68808611
2021-10-30 08:00:00,61620.0,62002.52,61068.6,61601.86,148.04082165
2021-10-30 12:00:00,61611.93,62265.45,60660.02,61412.35,350.05196871
2021-10-30 16:00:00,61400.15,61829.81,61103.6,61759.54,293.11127739
2021-10-30 20:00:00,61762.41,61989.7,61230.0,61932.3,182.22457445
2021-10-31 00:00:00,61904.96,62438.85,61620.01,61728.17,258.09923089
2021-10-31 04:00:00,61743.12,61743.12,61107.98,61382.26,209.41870845
2021-10-31 08:00:00,61382.26,61400.15,60307.13,60442.99,391.48422398
2021-10-31 12:00:00,60400.0,60815.54,60000.0,60541.6,266.64246362
2021-10-31 16:00:00,60520.93,60961.58,60240.24,60730.85,144.32493149
2021-10-31 20:00:00,60726.59,61663.32,60565.0,61359.44,278.15945748
2021-11-01 00:00:00,61356.57,61771.12,59780.86,59971.8,446.3162013
2021-11-01 04:00:00,59953.78,62358.84,59500.0,62215.71,496.00723116
2021-11-01 08:00:00,62210.66,62500.0,61692.26,61853.49,485.13206796000003
2021-11-01 12:00:00,61867.4,62231.79,61328.9,61583.19,363.18937874
2021-11-01 16:00:00,61583.19,61605.89,60355.0,61496.4,438.01938993
2021-11-01 20:00:00,61499.7,61499.7,60451.96,60922.85,278.73370198
2021-11-02 00:00:00,60949.78,61613.8,60669.91,61111.0,758.12568649
2021-11-02 04:00:00,61111.21,61876.42,61111.21,61544.94,587.60186418
2021-11-02 08:00:00,61589.55,63636.0,61408.56,62960.64,639.63206995
2021-11-02 12:00:00,62995.53,64300.0,62995.53,64097.43,449.68092069
2021-11-02 16:00:00,64092.25,64300.0,63252.88,63612.72,306.66402932
2021-11-02 20:00:00,63612.72,63627.32,62663.53,63260.0,594.82224689
2021-11-03 00:00:00,63260.0,63567.21,62829.56,63257.61,318.77164286
2021-11-03 04:00:00,63225.91,63557.6,62782.77,63457.64,146.57589518
2021-11-03 08:00:00,63450.82,63491.37,62935.0,63188.59,256.94743365
2021-11-03 12:00:00,63179.29,63205.08,61577.6,62235.65,436.33843008
2021-11-03 16:00:00,62248.55,63386.63,60018.46,62853.04,743.73085896
2021-11-03 20:00:00,62874.83,63258.98,62747.09,62930.72,246.10660266
2021-11-04 00:00:00,62945.38,63136.82,62250.0,62483.86,174.2578224
2021-11-04 04:00:00,62458.06,62889.87,61895.0,61895.0,206.03101096
2021-11-04 08:00:00,61925.76,62362.55,61303.53,61503.43,413.88153384
2021-11-04 12:00:00,61495.16,62440.87,60828.63,61107.25,330.06814956
2021-11-04 16:00:00,61086.3,61435.18,60725.0,61277.48,231.27326804
2021-11-04 20:00:00,61277.48,61579.13,61049.88,61457.25,152.03093749
2021-11-05 00:00:00,61430.02,62366.62,60852.57,62249.95,269.12232238
2021-11-05 04:00:00,62228.49,62666.52,61940.76,62203.23,136.89190628
2021-11-05 08:00:00,62199.99,62285.72,61251.06,61318.84,236.85227143
2021-11-05 12:00:00,61292.05,61972.42,60800.0,60846.46,408.7278741
2021-11-05 16:00:00,60835.82,61409.0,60784.88,61148.05,372.84272109
2021-11-05 20:00:00,61158.48,61380.83,60769.17,61031.91,144.9708269
2021-11-06 00:00:00,61008.19,61374.61,60840.04,61173.92,174.30892239
2021-11-06 04:00:00,61188.14,61609.5,60553.82,60857.47,134.42379127
2021-11-06 08:00:00,60855.75,61382.91,60154.89,60390.68,290.78599583
2021-11-06 12:00:00,60357.41,60829.8,60109.91,60705.33,313.96211122
2021-11-06 16:00:00,60710.78,61250.0,60486.06,61233.02,115.86937498
2021-11-06 20:00:00,61247.3,61561.27,61164.96,61542.44,239.16162401
2021-11-07 00:00:00,61542.43,62365.16,61396.57,62197.88,311.37244959
2021-11-07 04:00:00,62200.0,62355.01,61756.27,61820.11,105.97863767
2021-11-07 08:00:00,61801.54,62402.12,61524.51,61960.61,164.37110826
2021-11-07 12:00:00,61960.45,62189.0,61759.83,62004.37,185.5468992
2021-11-07 16:00:00,62000.23,62566.92,62000.23,62325.28,96.16665208
2021-11-07 20:00:00,62330.42,63300.0,62231.23,63300.0,252.23310381
2021-11-08 00:00:00,63300.0,65667.18,63300.0,65244.53,649.25001389
2021-11-08 04:00:00,65234.86,66369.67,65129.88,65976.05,500.18688126
2021-11-08 08:00:00,65977.4,66433.72,65635.85,66054.17,407.6704808
2021-11-08 12:00:00,66077.14,66519.99,65211.49,66424.39,360.96982776
2021-11-08 16:00:00,66424.39,66555.0,65745.98,65847.34,290.64597396
2021-11-08 20:00:00,65838.38,67803.55,65589.02,67559.0,506.700686
2021-11-09 00:00:00,67547.49,68564.4,67152.48,68519.98,413.54191749
2021-11-09 04:00:00,68519.98,68527.18,67634.02,67906.78,271.03004339
2021-11-09 08:00:00,67905.16,68313.2,67342.01,67617.95,277.54019727
2021-11-09 12:00:00,67617.41,68129.48,66632.14,66806.15,553.09841152
2021-11-09 16:00:00,66813.66,67243.75,66250.0,66813.57,377.67568636
2021-11-09 20:00:00,66791.37,67800.0,66679.84,66945.72,243.97210483
2021-11-10 00:00:00,66928.42,67387.6,66375.0,66492.85,158.1874972
2021-11-10 04:00:00,66530.31,66751.76,66251.09,66452.73,146.03666751
2021-11-10 08:00:00,66462.85,67100.16,66383.17,66557.6,206.51394835
2021-11-10 12:00:00,66550.0,69000.0,65982.95,68410.86,668.59111495
2021-11-10 16:00:00,68363.85,68800.01,66570.62,66620.78,521.9061258
2021-11-10 20:00:00,66652.17,67041.08,62856.71,64921.43,1717.88333936
2021-11-11 00:00:00,64919.18,65096.32,64140.0,64775.06,298.81118065
2021-11-11 04:00:00,64717.99,65408.88,64404.1,65256.54,269.35353892
2021-11-11 08:00:00,65266.17,65625.44,64614.45,65286.94,342.43989784
2021-11-11 12:00:00,65305.25,65504.04,64440.0,64848.09,288.17473327
2021-11-11 16:00:00,64840.02,65278.55,64600.05,65167.7,184.17857021
2021-11-11 20:00:00,65174.31,65358.09,64768.07,64821.33,200.32587888
2021-11-12 00:00:00,64783.13,65497.53,64110.86,64867.26,361.37317894
2021-11-12 04:00:00,64863.86,65095.25,64244.4,64470.15,139.07244306
2021-11-12 08:00:00,64476.83,64980.53,63523.42,63757.51,396.49853501
2021-11-12 12:00:00,63773.3,64221.8,62892.4,63183.33,695.17139843
2021-11-12 16:00:00,63198.38,64110.86,62294.84,63870.36,578.39214321
2021-11-12 20:00:00,63853.69,64508.21,63736.2,64158.41,348.79960698
2021-11-13 00:00:00,64140.23,64456.6,63597.53,63793.02,161.25135994000001
2021-11-13 04:00:00,63800.84,64129.0,63530.0,64051.16,112.7347639
2021-11-13 08:00:00,64061.29,64109.5,63400.0,63584.98,119.06400541000001
2021-11-13 12:00:00,63577.66,64824.6,63446.92,64711.06,209.69957889
2021-11-13 16:00:00,64710.63,64980.0,63850.0,63967.74,123.86409782
2021-11-13 20:00:00,63952.02,64557.2,63952.02,64417.52,103.51721211
2021-11-14 00:00:00,64403.43,65350.85,64403.43,64670.94,171.93452354
2021-11-14 04:00:00,64676.69,65187.6,64488.83,64642.88,108.11203975
2021-11-14 08:00:00,64672.63,64789.0,64059.41,64486.43,283.58396893
2021-11-14 12:00:00,64468.48,64800.75,64020.0,64097.48,106.48442164
2021-11-14 16:00:00,64112.56,64456.0,63595.76,64167.87,287.90899281
2021-11-14 20:00:00,64182.58,65509.87,64056.04,65509.87,289.86057057
2021-11-15 00:00:00,65509.87,66215.6,65509.87,65788.38,333.57666984
2021-11-15 04:00:00,65801.26,65935.26,65533.63,65623.98,216.30904975
2021-11-15 08:00:00,65622.29,66387.4,65281.36,65747.56,381.11451762
2021-11-15 12:00:00,65738.23,65952.39,64264.81,64333.3,438.5862656
2021-11-15 16:00:00,64264.82,64451.33,63650.0,64255.74,239.15456403
2021-11-15 20:00:00,64273.42,64273.42,63348.91,63606.09,392.08255556
2021-11-16 00:00:00,63621.61,63628.0,60481.15,60939.83,1110.33142808
2021-11-16 04:00:00,60913.53,61549.28,60350.0,60840.86,664.67403034
2021-11-16 08:00:00,60846.06,61303.04,58563.0,60592.73,1268.03439101
2021-11-16 12:00:00,60590.83,61409.82,60046.48,60721.11,506.52216521
2021-11-16 16:00:00,60714.34,60939.69,59802.98,60246.15,514.86717857
2021-11-16 20:00:00,60228.4,61179.12,59122.82,60142.31,568.34412387
2021-11-17 00:00:00,60115.12,60447.69,58596.07,59050.29,767.38146335
2021-11-17 04:00:00,59094.18,60154.0,58629.65,59729.52,544.24579743
2021-11-17 08:00:00,59716.78,60888.5,58400.0,60800.0,948.60060372
2021-11-17 12:00:00,60833.81,60833.81,59375.49,59657.37,609.03416991
2021-11-17 16:00:00,59712.67,60714.66,59450.1,60258.11,427.66666571
2021-11-17 20:00:00,60253.16,60626.52,59659.71,60373.65,419.88185899
2021-11-18 00:00:00,60376.94,60978.39,59875.0,59875.0,575.3704278
2021-11-18 04:00:00,59874.74,60116.55,59516.78,59748.13,755.10820301
2021-11-18 08:00:00,59746.93,59989.24,59000.0,59199.03,899.8775339700001
2021-11-18 12:00:00,59221.03,59938.35,57662.82,58114.3,1346.70769614
2021-11-18 16:00:00,58102.94,58495.67,56565.02,57941.46,1478.0811932
2021-11-18 20:00:00,57954.04,58525.84,56516.44,56917.66,1105.5647034
2021-11-19 00:00:00,56924.94,57528.6,55640.0,55909.85,948.51178056
2021-11-19 04:00:00,55930.67,56525.35,55867.14,56044.58,397.43550258
2021-11-19 08:00:00,56039.5,57503.0,56039.5,57052.05,598.26847595
2021-11-19 12:00:00,57036.73,58245.76,56755.79,57979.63,605.21248754
2021-11-19 16:00:00,57967.92,58402.05,57748.68,58115.14,298.72291796
2021-11-19 20:00:00,58118.44,58200.0,57578.24,58128.55,428.87469468
2021-11-20 00:00:00,58126.46,59021.09,58013.62,58591.79,208.70523016
2021-11-20 04:00:00,58588.2,58878.8,58313.7,58460.1,108.03102798
2021-11-20 08:00:00,58440.31,58809.48,58394.22,58677.06,87.20313385
2021-11-20 12:00:00,58697.37,58888.4,57584.0,57663.13,224.48028133
2021-11-20 16:00:00,57669.15,59680.0,57424.27,59501.95,320.0341916
2021-11-20 20:00:00,59522.26,59896.54,59367.12,59768.54,223.70544504
2021-11-21 00:00:00,59785.85,59828.13,58605.0,58744.46,113.02202461
2021-11-21 04:00:00,58714.81,59267.31,58618.55,59037.18,114.59271030000001
2021-11-21 08:00:00,59056.86,59374.2,58525.84,58745.44,137.46694957
2021-11-21 12:00:00,58765.86,59351.48,58721.38,59284.01,168.44856015
2021-11-21 16:00:00,59274.82,60090.55,59180.84,59367.08,222.69597168
2021-11-21 20:00:00,59407.41,59745.96,58588.66,58678.47,139.44887849
2021-11-22 00:00:00,58679.27,58775.68,57072.0,57442.03,406.15102011
2021-11-22 04:00:00,57387.37,57801.0,56825.0,57311.69,247.82405713
2021-11-22 08:00:00,57319.67,57897.54,57040.0,57222.72,217.75464111
2021-11-22 12:00:00,57239.93,59516.78,56640.21,58254.37,758.8757787
2021-11-22 16:00:00,58259.57,58280.38,55800.0,55979.76,765.01904295
2021-11-22 20:00:00,56026.97,56756.1,55628.57,56294.11,547.53883271
2021-11-23 00:00:00,56283.8,57262.02,56004.62,56975.48,205.39520069
2021-11-23 04:00:00,56954.24,57050.13,55870.0,56055.79,283.96738528
2021-11-23 08:00:00,56016.14,57723.12,55128.6,56137.49,701.87404986
2021-11-23 12:00:00,56195.2,57758.83,56115.68,56878.09,490.73029493
2021-11-23 16:00:00,56902.92,57859.11,56888.89,57780.72,668.75061213
2021-11-23 20:00:00,57785.7,57897.54,57386.79,57579.99,381.36725772
2021-11-24 00:00:00,57583.91,57750.2,56162.95,56435.12,318.31013404
2021-11-24 04:00:00,56453.1,56819.25,56250.29,56534.04,268.14141038
2021-11-24 08:00:00,56533.66,57418.83,56348.53,56653.35,244.27170018
2021-11-24 12:00:00,56653.35,57170.52,55894.62,56758.0,490.83172046
2021-11-24 16:00:00,56731.1,57149.98,56492.95,56861.12,182.18358455999999
2021-11-24 20:00:00,56849.82,57501.0,56743.16,57185.06,305.7157795
2021-11-25 00:00:00,57169.19,58300.0,57121.93,57778.4,289.55286472
2021-11-25 04:00:00,57797.16,57855.27,57044.42,57701.08,153.10791792
2021-11-25 08:00:00,57701.08,58499.97,57399.87,58078.22,223.05140659
2021-11-25 12:00:00,58008.16,59184.92,57953.97,59130.84,287.61828769
2021-11-25 16:00:00,59106.23,59445.45,58723.51,58915.91,160.76010605
2021-11-25 20:00:00,58910.1,59364.85,58586.64,58990.14,248.08422202
2021-11-26 00:00:00,59004.88,59207.36,57897.54,57958.77,403.0012968
2021-11-26 04:00:00,57930.89,58064.24,56661.09,56997.67,771.45024252
2021-11-26 08:00:00,56960.23,56960.23,53709.0,53721.15,1727.7672872
2021-11-26 12:00:00,53740.26,54911.5,53524.03,54385.46,1250.56292281
2021-11-26 16:00:00,54358.3,54730.1,53950.12,54361.28,583.57703714
2021-11-26 20:00:00,54352.59,54626.46,53539.56,53789.35,485.48178091
2021-11-27 00:00:00,53794.32,54658.75,53653.45,54398.54,469.70215167
2021-11-27 04:00:00,54399.97,54637.6,54250.0,54438.39,171.88786538
2021-11-27 08:00:00,54422.73,55382.0,54348.47,54668.31,279.72983192
2021-11-27 12:00:00,54665.53,55268.71,54547.63,54943.79,97.66605853
2021-11-27 16:00:00,54957.27,55270.0,54720.0,54980.65,51.95826704
2021-11-27 20:00:00,54983.48,55111.73,54045.04,54774.66,289.62169324
2021-11-28 00:00:00,54764.24,54856.0,53731.0,54142.27,204.53678182
2021-11-28 04:00:00,54155.67,54671.9,53963.26,54559.34,100.90108109
2021-11-28 08:00:00,54579.21,54962.25,54169.69,54517.98,103.65163648000001
2021-11-28 12:00:00,54592.1,54662.39,54098.98,54331.94,162.19664325
2021-11-28 16:00:00,54331.94,54956.83,53308.93,54671.06,340.86979291
2021-11-28 20:00:00,54692.73,57482.42,54674.58,57338.55,465.39861307
2021-11-29 00:00:00,57327.32,58298.06,57179.68,57407.13,379.74771449
2021-11-29 04:00:00,57417.31,57744.88,57278.3,57580.61,325.27603478
2021-11-29 08:00:00,57583.44,57696.37,56750.0,56953.34,370.01355265
2021-11-29 12:00:00,56931.04,57551.4,56891.0,57162.52,284.59031787
2021-11-29 16:00:00,57162.52,58931.07,57053.74,57920.95,423.78731241
2021-11-29 20:00:00,57938.76,58466.99,57741.1,57845.12,286.3200368
2021-11-30 00:00:00,57843.33,58011.0,56841.8,57157.47,320.51045701
2021-11-30 04:00:00,57153.18,57345.99,55918.8,56541.76,564.89181466
2021-11-30 08:00:00,56582.75,57758.83,56302.0,57676.3,491.01985578
2021-11-30 12:00:00,57685.4,59250.0,57275.0,57275.0,930.55417397
2021-11-30 16:00:00,57275.01,58427.18,56525.0,57684.99,1056.77641712
2021-11-30 20:00:00,57723.24,57815.68,56810.21,56974.12,198.96490881
2021-12-01 00:00:00,57027.28,57742.05,56700.0,57426.04,219.19233407
2021-12-01 04:00:00,57422.89,57475.11,56711.13,57180.0,290.93465724
2021-12-01 08:00:00,57219.86,57865.23,56741.19,57200.5,374.30910065
2021-12-01 12:00:00,57198.51,58884.0,57073.63,58681.57,412.74171265
2021-12-01 16:00:00,58690.42,59099.64,57020.0,57484.91,522.05224267
2021-12-01 20:00:00,57492.18,57494.05,56469.22,57251.59,696.31067228
2021-12-02 00:00:00,57232.71,57413.52,55839.85,56351.3,636.80338267
2021-12-02 04:00:00,56358.76,57025.79,56277.08,56847.92,618.93407916
2021-12-02 08:00:00,56835.85,57239.13,56120.07,56366.36,540.17374444
2021-12-02 12:00:00,56351.71,57413.52,56063.13,56547.29,350.94949092
2021-12-02 16:00:00,56558.37,56972.44,56054.0,56651.52,386.06186622
2021-12-02 20:00:00,56652.82,57287.87,56416.0,56547.96,225.2221345
2021-12-03 00:00:00,56534.26,56813.18,56120.07,56385.74,125.10982283
2021-12-03 04:00:00,56361.14,57070.28,56312.81,56798.95,152.05335547
2021-12-03 08:00:00,56794.64,57375.85,56467.76,57044.07,298.48731771
2021-12-03 12:00:00,57047.03,57652.0,55759.08,55996.11,543.33636195
2021-12-03 16:00:00,55979.17,55981.06,53748.7,53852.63,839.38398062
2021-12-03 20:00:00,53821.74,54069.0,51556.01,53743.69,1006.39734673
2021-12-04 00:00:00,53685.47,53877.77,52044.67,52044.67,303.84085362
2021-12-04 04:00:00,52060.63,52653.04,41967.5,47337.89,5335.59117605
2021-12-04 08:00:00,47318.12,48069.15,46201.01,46588.63,1635.80433782
2021-12-04 12:00:00,46600.69,48629.13,46600.69,48283.2,1407.72706981
2021-12-04 16:00:00,48287.11,49500.0,47825.01,49336.0,691.23765527
2021-12-04 20:00:00,49339.41,49558.89,48569.3,49234.97,651.48857597
2021-12-05 00:00:00,49240.81,49777.62,48409.06,49248.5,577.55086558
2021-12-05 04:00:00,49276.05,49768.87,48897.63,49386.49,862.79249357
2021-12-05 08:00:00,49389.36,49669.3,48866.22,49337.39,408.65227844
2021-12-05 12:00:00,49336.79,49761.31,47836.34,48015.14,1275.62980191
2021-12-05 16:00:00,48019.41,49435.49,47970.45,48988.43,1153.49484468
2021-12-05 20:00:00,48985.09,49598.85,48583.89,49463.22,878.54585279
2021-12-06 00:00:00,49484.0,49525.62,48360.0,49114.44,1104.68835025
2021-12-06 04:00:00,49107.53,49372.69,47825.0,48500.38,728.87826363
2021-12-06 08:00:00,48493.74,49490.0,47111.0,48626.75,1003.14786548
2021-12-06 12:00:00,48600.0,49028.0,47804.92,49028.0,646.90449939
2021-12-06 16:00:00,48999.97,49420.05,48714.94,49163.41,389.28236824
2021-12-06 20:00:00,49170.76,50986.0,48817.2,50555.0,779.2163296
2021-12-07 00:00:00,50550.09,51500.0,50421.02,51011.69,286.27505798
2021-12-07 04:00:00,51017.85,51410.9,50880.7,50956.32,213.50864565
2021-12-07 08:00:00,50973.05,51605.0,50900.0,51535.0,323.32485058
2021-12-07 12:00:00,51509.91,51991.0,50710.91,51800.0,426.42708625
2021-12-07 16:00:00,51803.09,51937.41,50741.51,50925.71,238.33745628
2021-12-07 20:00:00,50943.23,51051.15,50062.13,50627.32,231.44452188
2021-12-08 00:00:00,50635.87,50846.88,50151.21,50151.21,97.60946989
2021-12-08 04:00:00,50157.49,50754.38,50123.34,50527.39,119.19009442000001
2021-12-08 08:00:00,50552.2,50678.15,48888.0,49226.67,434.29449646
2021-12-08 12:00:00,49234.16,51249.41,48656.2,50699.33,524.58283956
2021-12-08 16:00:00,50706.04,50913.0,50126.51,50478.94,233.0601356
2021-12-08 20:00:00,50480.64,50915.0,50127.48,50543.3,189.69867726
2021-12-09 00:00:00,50535.15,50839.01,49500.0,49542.17,292.60907247
2021-12-09 04:00:00,49560.1,50358.0,49243.23,50068.06,253.1529765
2021-12-09 08:00:00,50065.74,50067.26,48948.84,49203.15,393.17552998
2021-12-09 12:00:00,49200.21,49655.2,48111.0,48498.38,631.6828447
2021-12-09 16:00:00,48507.38,48859.85,47520.0,47640.0,589.86089356
2021-12-09 20:00:00,47641.21,48439.6,47332.43,47593.12,424.95139055
2021-12-10 00:00:00,47573.43,48800.0,47440.0,48404.61,331.23969734
2021-12-10 04:00:00,48398.54,48587.59,47560.1,47667.1,247.23154419
2021-12-10 08:00:00,47681.65,48748.44,47634.11,48723.52,289.10621134
2021-12-10 12:00:00,48745.33,50132.88,47774.0,47941.52,785.05436257
2021-12-10 16:00:00,47984.15,48341.42,47275.71,48143.84,599.95309228
2021-12-10 20:00:00,48164.91,48539.63,46886.0,47142.42,452.58579631
2021-12-11 00:00:00,47179.53,48710.0,46789.0,48361.69,466.94664408
2021-12-11 04:00:00,48363.34,48901.0,47819.2,48079.1,153.54020124
2021-12-11 08:00:00,48063.33,48948.83,47903.5,48248.43,165.58354238
2021-12-11 12:00:00,48290.91,48946.34,48213.92,48810.28,117.11363097
2021-12-11 16:00:00,48773.55,49301.0,48397.64,48397.64,226.65385241
2021-12-11 20:00:00,48461.48,49539.4,48423.35,49400.54,193.20168874
2021-12-12 00:00:00,49420.51,49717.96,49066.38,49341.61,109.01657117
2021-12-12 04:00:00,49346.92,49397.94,48861.92,49338.93,104.51343192
2021-12-12 08:00:00,49331.48,49410.5,48675.0,49165.91,122.52564217
2021-12-12 12:00:00,49200.0,49950.0,49147.3,49637.95,211.84961617
2021-12-12 16:00:00,49644.42,50800.0,49540.82,50254.26,465.10938025
2021-12-12 20:00:00,50273.96,50587.49,49915.87,50124.38,220.77374448
2021-12-13 00:00:00,50102.31,50226.2,48481.45,48893.76,365.01790142
2021-12-13 04:00:00,48885.26,49361.49,48621.15,48757.17,226.28836244
2021-12-13 08:00:00,48776.11,49202.71,48102.56,48893.24,278.50870723
2021-12-13 12:00:00,48879.54,49040.28,47007.51,47262.79,683.43999131
2021-12-13 16:00:00,47282.84,47916.6,45750.0,46758.98,1296.34298915
2021-12-13 20:00:00,46723.0,47300.94,46247.55,46725.02,487.84997741
2021-12-14 00:00:00,46736.7,47277.8,46310.4,46927.69,184.36994926
2021-12-14 04:00:00,46949.31,47200.0,46358.91,47007.7,183.43017829
2021-12-14 08:00:00,47007.69,47777.77,46820.0,47637.58,368.9807781
2021-12-14 12:00:00,47639.59,47960.98,46656.13,46832.99,490.90233988
2021-12-14 16:00:00,46849.08,47133.32,46464.0,46862.07,328.60477825
2021-12-14 20:00:00,46878.48,48689.3,46867.07,48389.96,460.3017908
2021-12-15 00:00:00,48386.95,48773.04,47860.38,48280.26,153.57583145
2021-12-15 04:00:00,48303.04,48450.99,47953.83,48231.93,170.05442817
2021-12-15 08:00:00,48231.93,48785.37,48115.0,48162.31,196.2810006
2021-12-15 12:00:00,48153.39,48317.36,46588.88,46615.31,567.13160172
2021-12-15 16:00:00,46642.03,49310.26,46560.0,48671.66,1075.81926779
2021-12-15 20:00:00,48668.96,49514.85,48555.0,48876.84,430.48967986
2021-12-16 00:00:00,48876.84,49275.05,48750.0,48847.84,129.57169467
2021-12-16 04:00:00,48842.97,49039.2,48525.57,48734.82,143.00220712
2021-12-16 08:00:00,48722.65,49449.0,48647.92,49232.41,227.75107903
2021-12-16 12:00:00,49214.28,49302.65,48253.53,48582.39,372.38643727
2021-12-16 16:00:00,48624.18,48735.61,47660.0,47877.0,342.83061600999997
2021-12-16 20:00:00,47854.46,48413.51,47506.21,47663.42,240.71522391
2021-12-17 00:00:00,47654.99,48018.52,47400.0,47792.96,99.43487897
2021-12-17 04:00:00,47780.95,47977.53,46768.17,47037.91,280.04276748
2021-12-17 08:00:00,47024.8,47307.36,46800.0,47135.82,176.36319139
2021-12-17 12:00:00,47111.85,47372.64,45478.74,46568.22,660.95007913
2021-12-17 16:00:00,46543.27,47446.1,46440.61,46780.04,396.41149861
2021-12-17 20:00:00,46782.58,47105.92,45600.0,46210.92,464.07783121
2021-12-18 00:00:00,46141.63,46549.0,45501.0,46312.7,277.26655855
2021-12-18 04:00:00,46326.61,46879.0,46081.81,46408.03,126.76986449
2021-12-18 08:00:00,46369.49,47370.14,46226.71,47094.04,159.80665049
2021-12-18 12:00:00,47101.82,47232.04,46590.31,46898.52,93.04552681
2021-12-18 16:00:00,46907.38,47005.34,46359.67,46681.4,82.69641205
2021-12-18 20:00:00,46674.36,47123.18,46571.44,46881.87,87.80873019
2021-12-19 00:00:00,46854.18,48000.05,46450.0,47737.51,360.11705614
2021-12-19 04:00:00,47749.82,48090.19,47476.41,47551.79,109.03341331
2021-12-19 08:00:00,47551.79,47649.8,46840.0,47173.27,146.18845869
2021-12-19 12:00:00,47182.63,48307.34,46887.56,47251.3,324.30926907
2021-12-19 16:00:00,47244.75,47479.0,46609.89,46694.95,131.59820629
2021-12-19 20:00:00,46659.22,47562.16,46492.6,46704.67,204.25296739
2021-12-20 00:00:00,46671.66,47201.0,46259.0,46697.39,193.2376879
2021-12-20 04:00:00,46697.39,47050.24,46108.31,46465.28,221.96847523
2021-12-20 08:00:00,46452.9,46566.08,45787.0,46107.16,252.51789472
2021-12-20 12:00:00,46097.02,46333.0,45572.94,45969.1,486.9315101
2021-12-20 16:00:00,45990.66,46706.94,45876.7,46604.53,267.71025202
2021-12-20 20:00:00,46607.1,47547.5,46607.1,46915.0,303.65021265
2021-12-21 00:00:00,46926.72,48089.1,46667.08,47953.27,254.70143051
2021-12-21 04:00:00,47948.98,48831.57,47948.98,48608.3,339.8573825
2021-12-21 08:00:00,48608.3,49007.57,48460.0,48870.0,360.46322608
2021-12-21 12:00:00,48898.47,49353.49,48307.34,48402.77,391.43282616
2021-12-21 16:00:00,48413.91,48882.19,48349.35,48644.53,154.59614424
2021-12-21 20:00:00,48627.29,49313.0,48472.47,48929.86,173.11345969
2021-12-22 00:00:00,48907.75,49600.0,48624.0,49264.46,142.09425123
2021-12-22 04:00:00,49281.72,49359.82,48941.62,49279.79,325.95208619
2021-12-22 08:00:00,49242.28,49568.09,48844.48,48996.16,236.62430244
2021-12-22 12:00:00,49016.75,49152.12,48449.87,48895.34,234.92623972
2021-12-22 16:00:00,48897.8,49279.99,48504.18,48952.29,249.73429141
2021-12-22 20:00:00,48945.79,49168.84,48571.01,48618.99,116.83457093
2021-12-23 00:00:00,48618.99,48748.03,48051.1,48558.3,255.32652981
2021-12-23 04:00:00,48535.74,48595.77,48054.67,48157.22,115.97193059
2021-12-23 08:00:00,48160.21,48568.42,48083.87,48406.56,167.94116166
2021-12-23 12:00:00,48443.61,48883.25,48286.3,48839.27,277.88338261
2021-12-23 16:00:00,48851.08,51386.66,48685.54,51144.77,668.18953475
2021-12-23 20:00:00,51170.36,51196.66,50555.0,50850.0,230.04548722
2021-12-24 00:00:00,50850.0,51533.0,50660.83,51068.03,387.9068343
2021-12-24 04:00:00,51060.35,51134.86,50771.0,51023.14,161.00534104
2021-12-24 08:00:00,51030.11,51487.6,50887.04,51039.25,212.87743167
2021-12-24 12:00:00,51015.01,51276.28,50442.34,50999.93,225.39503436
2021-12-24 16:00:00,51002.81,51864.56,50765.1,51169.98,250.43198746
2021-12-24 20:00:00,51133.76,51257.99,50522.45,50841.48,208.47220208
2021-12-25 00:00:00,50857.42,51160.21,50656.08,50883.32,82.87359961
2021-12-25 04:00:00,50879.82,51118.58,50699.82,50966.97,52.62548094
2021-12-25 08:00:00,50972.17,51029.72,50578.46,50716.58,111.26785719
2021-12-25 12:00:00,50716.58,50974.13,50666.44,50678.08,100.94845664
2021-12-25 16:00:00,50685.88,51179.36,50190.9,50935.53,291.59768832
2021-12-25 20:00:00,50925.9,51130.73,50378.19,50442.22,183.73564646
2021-12-26 00:00:00,50421.51,50701.17,49651.0,49710.8,227.35190285
2021-12-26 04:00:00,49710.8,50006.42,49644.02,49967.45,112.06862411
2021-12-26 08:00:00,49962.13,50201.49,49458.85,49770.0,157.5980409
2021-12-26 12:00:00,49753.64,50301.0,49669.53,50096.02,176.25853489
2021-12-26 16:00:00,50096.07,50495.74,50083.45,50381.0,112.92310353
2021-12-26 20:00:00,50406.23,51292.65,49953.42,50791.21,229.02176838
2021-12-27 00:00:00,50885.32,51158.76,50479.44,51031.24,114.29009774
2021-12-27 04:00:00,51041.06,51108.44,50668.02,50723.68,182.65045428
2021-12-27 08:00:00,50733.22,50927.92,50525.0,50788.9,155.9960278
2021-12-27 12:00:00,50795.1,51725.06,50620.44,51462.42,263.56054206
2021-12-27 16:00:00,51481.55,52098.6,51231.0,51248.39,207.55448079
2021-12-27 20:00:00,51210.0,51388.41,50639.81,50718.11,178.93183478
2021-12-28 00:00:00,50708.05,50719.59,49501.63,49813.26,350.88440959
2021-12-28 04:00:00,49799.79,49799.79,48688.0,49246.52,305.27877738
2021-12-28 08:00:00,49246.52,49475.68,48817.31,49228.48,337.73521941
2021-12-28 12:00:00,49215.36,49383.76,48335.12,48970.46,280.2786656
2021-12-28 16:00:00,48960.04,48993.76,47300.0,47706.3,558.35169561
2021-12-28 20:00:00,47719.93,48048.69,47332.43,47543.3,382.73986593
2021-12-29 00:00:00,47597.7,48157.41,47480.0,48022.82,206.09727493
2021-12-29 04:00:00,48019.89,48076.53,47534.78,47546.06,182.10102793
2021-12-29 08:00:00,47575.47,48079.0,47398.16,47748.34,266.59271646
2021-12-29 12:00:00,47728.0,48042.93,46596.0,47981.83,697.96167055
2021-12-29 16:00:00,47995.14,48053.31,46993.06,47148.29,407.67150627
2021-12-29 20:00:00,47161.2,47722.19,46099.94,46483.36,328.88396215
2021-12-30 00:00:00,46474.59,46846.8,45934.37,46517.75,458.43287871
2021-12-30 04:00:00,46505.38,47105.92,46505.38,46994.93,183.79329151
2021-12-30 08:00:00,47002.24,47585.03,46660.02,47538.07,378.62837272
2021-12-30 12:00:00,47538.07,47731.46,47140.0,47142.84,526.45054021
2021-12-30 16:00:00,47162.58,47916.32,47100.0,47572.09,304.24628838
2021-12-30 20:00:00,47580.01,47702.97,46738.85,47150.71,310.7190715
2021-12-31 00:00:00,47110.3,47386.74,46840.0,47204.09,152.05303883
2021-12-31 04:00:00,47210.0,47560.04,46824.29,47178.94,277.11887489
2021-12-31 08:00:00,47199.0,48589.47,47084.06,47989.61,428.19382852
2021-12-31 12:00:00,48010.08,48146.05,47840.0,47951.93,163.55298236
2021-12-31 16:00:00,47970.83,48109.99,45666.0,45703.05,520.08710273
2021-12-31 20:00:00,45703.05,46560.81,45655.31,46214.37,257.54677673
2022-01-01 00:00:00,46230.0,46928.9,46199.9,46814.16,139.1597165
2022-01-01 04:00:00,46814.16,47548.93,46562.27,47236.65,188.86553672
2022-01-01 08:00:00,47198.78,47337.16,46720.0,46767.08,175.62074886
2022-01-01 12:00:00,46771.09,47482.72,46770.67,47225.91,62.15790945
2022-01-01 16:00:00,47281.24,47960.98,47200.56,47350.03,103.88061433
2022-01-01 20:00:00,47350.03,47833.48,47229.86,47777.42,71.83607727
2022-01-02 00:00:00,47745.25,47784.94,47277.0,47348.29,52.28538013
2022-01-02 04:00:00,47348.29,47436.03,46780.0,47194.81,108.00617455
2022-01-02 08:00:00,47196.75,47503.03,46992.7,47254.45,52.19652496
2022-01-02 12:00:00,47247.22,47446.1,47030.05,47345.92,71.55483494
2022-01-02 16:00:00,47359.86,47989.0,46660.0,46907.08,255.87669107
2022-01-02 20:00:00,46905.37,47488.83,46852.12,47350.22,162.17514975
2022-01-03 00:00:00,47290.55,47291.13,46725.6,46799.72,83.04022001999999
2022-01-03 04:00:00,46791.13,47222.99,46771.22,47070.27,102.22960241
2022-01-03 08:00:00,47071.61,47438.94,46788.0,47399.93,123.56745242
2022-01-03 12:00:00,47414.12,47586.58,46588.4,46701.11,307.38348435
2022-01-03 16:00:00,46669.33,46801.0,46288.83,46377.2,186.72513438
2022-01-03 20:00:00,46364.81,46579.41,45692.13,46439.89,337.23319474
2022-01-04 00:00:00,46464.01,46542.04,45941.07,46339.22,88.89337928
2022-01-04 04:00:00,46330.66,46589.72,46031.95,46527.61,178.1726937
2022-01-04 08:00:00,46567.04,46768.17,46294.11,46717.24,179.53366576
2022-01-04 12:00:00,46747.59,47526.0,46416.03,46881.25,534.6833635
2022-01-04 16:00:00,46917.25,46985.36,45539.05,46006.67,588.17418901
2022-01-04 20:00:00,46022.83,46407.9,45746.88,45820.0,263.15554569
2022-01-05 00:00:00,45828.77,46553.66,45714.55,46444.49,140.31537537
2022-01-05 04:00:00,46435.52,46520.86,46242.6,46404.74,89.81326739
2022-01-05 08:00:00,46404.77,46855.06,46116.26,46288.54,218.70829023
2022-01-05 12:00:00,46281.88,46841.56,45896.74,46635.15,767.90952565
2022-01-05 16:00:00,46640.54,46680.29,44524.18,44674.69,948.06514863
2022-01-05 20:00:00,44679.47,44826.98,42413.59,43435.8,1232.73417032
2022-01-06 00:00:00,43417.31,43782.86,42804.33,42845.3,438.80587678
2022-01-06 04:00:00,42848.88,43280.26,42591.68,43239.68,338.83269178
2022-01-06 08:00:00,43242.03,43263.19,42414.0,42860.97,336.45926651
2022-01-06 12:00:00,42912.16,43235.44,42636.28,42943.65,502.48951264
2022-01-06 16:00:00,42952.69,43517.06,42743.29,43433.68,670.61122662
2022-01-06 20:00:00,43453.3,43584.75,43002.29,43097.6,162.91451917
2022-01-07 00:00:00,43093.4,43135.35,41508.12,41807.15,403.14269926
2022-01-07 04:00:00,41754.1,41950.83,40938.98,41722.02,631.04778373
2022-01-07 08:00:00,41675.16,42745.2,41608.98,42265.91,483.73124343
2022-01-07 12:00:00,42294.53,42745.2,40600.0,41318.94,698.08571025
2022-01-07 16:00:00,41317.33,42286.31,40927.27,41762.67,432.93998581
2022-01-07 20:00:00,41791.7,42040.0,41333.65,41535.66,335.25843839
2022-01-08 00:00:00,41576.73,42235.62,41566.08,41805.51,175.87302017
2022-01-08 04:00:00,41846.12,42010.38,41757.0,41921.4,90.44096561
2022-01-08 08:00:00,41908.45,42208.08,41779.0,41961.05,122.0440502
2022-01-08 12:00:00,41961.35,42051.36,41452.27,41631.27,152.24132629
2022-01-08 16:00:00,41603.99,41740.03,40517.05,40813.21,609.00719379
2022-01-08 20:00:00,40887.96,42315.31,40723.55,41690.77,431.86706353
2022-01-09 00:00:00,41697.32,42185.0,41383.25,41852.24,170.92031635
2022-01-09 04:00:00,41845.38,42109.88,41683.42,41807.88,163.4602067
2022-01-09 08:00:00,41850.74,41983.12,41405.06,41870.45,196.9864281
2022-01-09 12:00:00,41887.91,41923.16,41200.0,41631.28,180.49536246
2022-01-09 16:00:00,41635.83,42763.46,41577.11,42719.55,543.50130366
2022-01-09 20:00:00,42712.85,42796.49,41769.03,41875.81,277.22461676
2022-01-10 00:00:00,41853.98,42046.96,41607.02,41999.51,158.03934622
2022-01-10 04:00:00,41991.21,42256.55,41835.91,42056.48,190.77863852
2022-01-10 08:00:00,42064.99,42117.43,41458.76,41525.19,337.99894756
2022-01-10 12:00:00,41551.59,41616.41,39558.7,41000.66,1445.2745642
2022-01-10 16:00:00,41003.97,42134.44,40567.0,41297.19,1025.03061979
2022-01-10 20:00:00,41299.02,41988.73,41176.12,41845.42,336.8916702
2022-01-11 00:00:00,41842.22,42395.66,41570.1,42295.74,253.04246872
2022-01-11 04:00:00,42312.06,42381.34,41983.31,42217.1,223.74504722
2022-01-11 08:00:00,42220.16,42642.79,41599.03,41873.33,429.41315864
2022-01-11 12:00:00,41840.5,42172.0,41284.11,41749.36,383.21136527
2022-01-11 16:00:00,41750.69,43116.0,41705.46,42993.77,811.07262217
2022-01-11 20:00:00,43022.16,43144.74,42621.59,42736.0,342.16948879
2022-01-12 00:00:00,42754.44,42976.41,42471.17,42631.24,188.3553475
2022-01-12 04:00:00,42613.52,42878.88,42478.76,42592.14,112.48695891
2022-01-12 08:00:00,42580.55,43468.95,42534.05,42958.5,503.8802193
2022-01-12 12:00:00,42947.19,44099.05,42899.91,43580.41,926.70550454
2022-01-12 16:00:00,43588.51,43909.0,43328.7,43772.13,542.84844329
2022-01-12 20:00:00,43763.65,44337.26,43664.44,43933.5,228.48562753
2022-01-13 00:00:00,43935.01,44078.99,43440.72,43537.27,233.28154065
2022-01-13 04:00:00,43525.86,43827.03,43525.86,43730.22,110.68070486
2022-01-13 08:00:00,43738.18,44046.19,43515.0,43637.23,360.8321768
2022-01-13 12:00:00,43618.65,44456.34,42839.53,43224.56,689.55559691
2022-01-13 16:00:00,43215.39,43497.83,42547.75,42723.39,376.4522037
2022-01-13 20:00:00,42723.93,42919.51,42321.0,42571.94,223.08101981000002
2022-01-14 00:00:00,42579.44,42808.69,42388.88,42664.26,87.94401149
2022-01-14 04:00:00,42664.26,42999.99,42615.0,42668.33,138.02845081
2022-01-14 08:00:00,42675.96,42721.37,41848.91,42019.38,322.42773214
2022-01-14 12:00:00,42016.04,43351.5,41782.21,43123.8,488.90642266
2022-01-14 16:00:00,43121.68,43425.0,42796.49,43107.82,253.54653796
2022-01-14 20:00:00,43107.82,43468.95,43035.62,43102.35,95.97960328
2022-01-15 00:00:00,43085.76,43198.17,42897.5,42949.01,89.06046385
2022-01-15 04:00:00,42953.43,43132.95,42745.2,43100.96,150.35394512
2022-01-15 08:00:00,43112.46,43312.83,42900.18,43055.04,75.1992193
2022-01-15 12:00:00,43038.18,43436.31,42387.86,43427.45,171.14436872
2022-01-15 16:00:00,43439.0,43573.33,43262.64,43565.83,75.01213497
2022-01-15 20:00:00,43565.83,43826.8,43072.32,43102.01,146.88839101
2022-01-16 00:00:00,43084.77,43184.52,42856.35,43026.6,67.75903265
2022-01-16 04:00:00,43010.04,43298.0,42895.0,43240.48,96.73499282
2022-01-16 08:00:00,43242.55,43337.7,42800.0,42984.22,115.19855178
2022-01-16 12:00:00,43014.01,43451.62,42615.0,43248.79,170.77769408
2022-01-16 16:00:00,43304.45,43495.59,42828.89,42861.4,87.76692516
2022-01-16 20:00:00,42834.35,43285.61,42769.0,43107.7,83.71583085
2022-01-17 00:00:00,43099.08,43209.47,42615.9,42615.9,131.84053316
2022-01-17 04:00:00,42658.85,42984.0,42337.05,42663.7,207.68300506
2022-01-17 08:00:00,42693.14,42936.1,42593.0,42688.86,136.54761883
2022-01-17 12:00:00,42685.64,42800.59,42400.0,42499.4,124.98864949
2022-01-17 16:00:00,42502.72,42555.4,41860.0,42271.56,238.82684839
2022-01-17 20:00:00,42271.56,42392.35,41581.0,42255.07,220.12273303999999
2022-01-18 00:00:00,42230.09,42439.24,41982.09,42059.92,91.65279886
2022-01-18 04:00:00,42074.92,42351.26,41889.01,42058.98,173.59665606000002
2022-01-18 08:00:00,42072.73,42083.94,41482.63,41886.78,233.74254233
2022-01-18 12:00:00,41880.31,41955.41,41290.06,41615.64,487.97333265
2022-01-18 16:00:00,41604.01,41795.84,41391.85,41700.05,378.36875115
2022-01-18 20:00:00,41704.24,42685.25,41520.84,42377.4,273.53677858
2022-01-19 00:00:00,42378.23,42524.0,41582.25,41713.0,292.32668945
2022-01-19 04:00:00,41737.43,41866.32,41158.21,41255.72,139.18430605
2022-01-19 08:00:00,41270.65,42172.0,41145.23,42066.45,358.93680463
2022-01-19 12:00:00,42059.31,42589.9,41846.81,42029.96,351.65291752
2022-01-19 16:00:00,41987.92,42368.0,41707.15,41887.02,334.91666574
2022-01-19 20:00:00,41885.09,42024.48,41559.0,41683.21,187.6866693
2022-01-20 00:00:00,41733.21,42101.0,41665.74,41962.12,105.53543929
2022-01-20 04:00:00,41965.01,42148.0,41800.0,42086.2,80.1840298
2022-01-20 08:00:00,42086.44,42252.79,41832.91,42160.49,157.16177287
2022-01-20 12:00:00,42114.11,43468.95,41943.89,43310.0,646.65646911
2022-01-20 16:00:00,43323.57,43518.69,42800.0,42909.58,439.46687299
2022-01-20 20:00:00,42948.56,43001.8,40554.14,40736.05,996.14802289
2022-01-21 00:00:00,40654.72,41115.58,38250.0,38458.45,1005.02544212
2022-01-21 04:00:00,38426.25,39169.24,38426.25,39169.24,670.4958542
2022-01-21 08:00:00,39131.35,39303.25,38680.82,38907.52,577.38593565
2022-01-21 12:00:00,38891.8,39054.81,37683.9,38861.89,1144.30609361
2022-01-21 16:00:00,38869.29,39068.28,37850.0,37977.06,890.52392271
2022-01-21 20:00:00,37974.83,38463.9,35423.0,36495.46,1913.30885263
2022-01-22 00:00:00,36447.37,36825.98,36020.0,36350.37,477.01725374
2022-01-22 04:00:00,36341.17,36427.46,35111.0,35398.6,809.48810351
2022-01-22 08:00:00,35408.23,35922.39,34000.0,35428.77,1360.22231996
2022-01-22 12:00:00,35480.35,36195.21,34800.0,34861.43,672.75002653
2022-01-22 16:00:00,34882.36,35494.17,34259.43,34537.88,612.78791712
2022-01-22 20:00:00,34545.29,35711.2,34445.78,35091.11,578.1065655
2022-01-23 00:00:00,35084.79,35545.02,34819.58,35077.89,361.30759977
2022-01-23 04:00:00,35073.21,35759.22,34980.56,35628.43,383.9113769
2022-01-23 08:00:00,35587.97,36183.4,35366.69,35700.0,759.20022883
2022-01-23 12:00:00,35711.31,36112.04,35071.03,35300.71,364.78306387
2022-01-23 16:00:00,35321.82,35466.5,34624.59,34799.12,259.48232958
2022-01-23 20:00:00,34784.65,36574.47,34736.8,36293.62,405.01937704
2022-01-24 00:00:00,36262.21,36276.86,35186.59,35387.34,340.01425352
2022-01-24 04:00:00,35366.56,35496.19,34820.04,34889.71,315.75473415
2022-01-24 08:00:00,34909.14,38050.0,32967.93,33708.61,1839.74330115
2022-01-24 12:00:00,33705.11,34363.25,32950.72,34205.92,1561.05892604
2022-01-24 16:00:00,34244.22,36470.08,33830.82,36100.58,1438.20339283
2022-01-24 20:00:00,36088.88,37556.25,35973.07,36724.99,840.37967258
2022-01-25 00:00:00,36721.59,36721.81,35965.51,36463.75,211.43731052
2022-01-25 04:00:00,36454.87,36511.48,35722.43,36075.15,259.75389228
2022-01-25 08:00:00,36047.9,36814.81,36030.04,36444.0,758.75124149
2022-01-25 12:00:00,36449.24,37170.37,36000.0,36554.63,721.61268407
2022-01-25 16:00:00,36559.47,37552.3,36525.78,37110.4,522.15144126
2022-01-25 20:00:00,37100.0,37124.83,36442.83,36975.91,319.98450949
2022-01-26 00:00:00,37006.76,37534.08,36589.4,37436.93,196.41264477
2022-01-26 04:00:00,37466.07,38000.0,37191.91,37371.78,321.70899601
2022-01-26 08:00:00,37382.52,38267.94,37364.28,38126.23,363.63200608
2022-01-26 12:00:00,38125.14,38532.44,37642.48,38006.94,691.04623981
2022-01-26 16:00:00,37993.91,38946.0,37426.05,37594.45,980.68749537
2022-01-26 20:00:00,37582.98,37582.98,36279.21,36829.32,1109.66818865
2022-01-27 00:00:00,36824.02,37114.27,35535.0,35774.8,495.31031223
2022-01-27 04:00:00,35774.9,36312.23,35721.96,36196.5,325.78966602
2022-01-27 08:00:00,36225.27,36814.61,35838.17,36712.4,384.15954744
2022-01-27 12:00:00,36718.73,37230.0,36500.0,36653.13,414.7051065
2022-01-27 16:00:00,36666.79,36784.8,35900.0,36241.61,673.60598316
2022-01-27 20:00:00,36232.81,37251.0,35511.32,37208.36,810.25239564
2022-01-28 00:00:00,37179.62,37480.0,36635.7,37373.22,314.55420705
2022-01-28 04:00:00,37375.11,37534.15,36794.44,36798.61,300.49054368
2022-01-28 08:00:00,36797.89,36875.63,36336.57,36457.65,335.37441354
2022-01-28 12:00:00,36460.11,37308.24,36173.98,37218.29,694.29058747
2022-01-28 16:00:00,37223.99,37390.7,36775.0,37257.28,379.00143345
2022-01-28 20:00:00,37255.63,38022.11,37155.82,37748.36,396.94292187
2022-01-29 00:00:00,37713.14,38012.29,37484.05,37766.76,133.37715187
2022-01-29 04:00:00,37766.76,37959.81,37622.0,37868.82,84.58187559
2022-01-29 08:00:00,37880.79,37956.73,37605.0,37772.99,110.46405849
2022-01-29 12:00:00,37763.17,38225.27,37327.79,37591.64,234.1970422
2022-01-29 16:00:00,37597.06,37978.46,37350.0,37882.2,367.19100948
2022-01-29 20:00:00,37882.2,38741.67,37847.08,38192.65,367.09778505
2022-01-30 00:00:00,38176.45,38288.88,37765.79,37941.62,90.70509484
2022-01-30 04:00:00,37969.13,38325.75,37923.2,38277.99,105.49864752
2022-01-30 08:00:00,38325.76,38378.88,37846.99,38145.26,155.14725455
2022-01-30 12:00:00,38143.16,38165.68,37752.05,37990.2,87.39696342
2022-01-30 16:00:00,38021.04,38097.25,37466.44,37535.75,97.76210416
2022-01-30 20:00:00,37523.62,38262.55,37372.59,37941.82,172.28474823
2022-01-31 00:00:00,37914.1,37970.29,36631.66,37057.26,290.37419169
2022-01-31 04:00:00,37035.77,37217.21,36828.14,37141.57,140.5164656
2022-01-31 08:00:00,37141.57,37364.74,36909.23,37313.49,408.33010793
2022-01-31 12:00:00,37285.77,37914.32,36825.0,37735.91,364.08176099
2022-01-31 16:00:00,37745.5,38750.0,37705.17,38437.98,429.91363692
2022-01-31 20:00:00,38430.81,38776.33,38253.22,38491.92,375.91384024
2022-02-01 00:00:00,38483.56,38669.8,38218.04,38647.57,224.66713676
2022-02-01 04:00:00,38625.27,38692.19,38250.0,38468.39,135.94081647
2022-02-01 08:00:00,38464.94,39115.16,38033.78,38479.97,461.65839005
2022-02-01 12:00:00,38489.73,39068.28,38188.12,38644.52,564.94862565
2022-02-01 16:00:00,38656.85,39285.0,38354.16,38419.75,513.34389962
2022-02-01 20:00:00,38408.99,38912.4,38388.18,38733.04,173.37984855
2022-02-02 00:00:00,38768.08,38883.96,38400.0,38589.96,181.96659791
2022-02-02 04:00:00,38575.46,38580.44,38213.0,38285.66,138.52426886
2022-02-02 08:00:00,38314.36,38626.98,38275.44,38497.0,139.47396228
2022-02-02 12:00:00,38516.36,38788.16,37370.0,37462.38,544.12282483
2022-02-02 16:00:00,37420.39,37694.71,37085.0,37601.0,265.49569198
2022-02-02 20:00:00,37601.01,37694.58,36618.36,36923.5,403.12384923
2022-02-03 00:00:00,36924.5,37071.2,36750.0,36851.25,106.18586804
2022-02-03 04:00:00,36849.13,37130.52,36807.09,37055.06,172.31373626
2022-02-03 08:00:00,37065.74,37140.47,36300.0,36805.53,289.56634438
2022-02-03 12:00:00,36816.74,37000.0,36264.55,36950.7,408.89054311
2022-02-03 16:00:00,36947.79,37126.35,36471.97,36582.08,226.94023371
2022-02-03 20:00:00,36566.81,37391.74,36270.0,37320.11,420.49342121
2022-02-04 00:00:00,37330.75,37472.19,37064.28,37347.33,285.01354127
2022-02-04 04:00:00,37333.86,38222.04,37277.73,37891.79,342.01219797
2022-02-04 08:00:00,37891.78,38262.4,37813.4,37826.52,221.51570741
2022-02-04 12:00:00,37854.18,39841.4,37325.0,39491.12,1359.90713289
2022-02-04 16:00:00,39501.68,40913.48,39477.23,40747.14,1067.24342931
2022-02-04 20:00:00,40745.14,41760.39,40402.46,41579.57,625.9068952
2022-02-05 00:00:00,41608.82,41983.12,41202.7,41486.41,648.10693829
2022-02-05 04:00:00,41486.41,41775.77,41395.41,41413.8,188.46875657
2022-02-05 08:00:00,41415.43,41677.64,41258.6,41468.3,212.16294464
2022-02-05 12:00:00,41488.89,41932.8,41329.42,41809.38,233.8299768
2022-02-05 16:00:00,41803.69,41892.2,40975.0,41586.68,393.59909602
2022-02-05 20:00:00,41586.68,41796.78,41360.18,41427.72,216.07026171
2022-02-06 00:00:00,41422.7,41670.15,41318.99,41488.47,84.52913543
2022-02-06 04:00:00,41486.91,41750.0,41341.18,41650.0,90.82231028
2022-02-06 08:00:00,41644.52,41732.56,41366.61,41541.42,150.47961872
2022-02-06 12:00:00,41547.49,42232.58,41141.81,41550.36,235.08099317
2022-02-06 16:00:00,41556.68,41782.21,41453.85,41761.53,65.21716617
2022-02-06 20:00:00,41742.84,42701.86,41527.95,42420.24,228.54649067
2022-02-07 00:00:00,42420.24,43000.0,41682.11,42865.58,356.14268217
2022-02-07 04:00:00,42847.33,43067.74,42591.21,42780.01,441.68108477
2022-02-07 08:00:00,42765.04,42808.0,42267.25,42763.38,347.59117315
2022-02-07 12:00:00,42769.98,43940.67,42538.71,43873.9,675.6026179
2022-02-07 16:00:00,43888.5,44524.18,43527.76,44286.8,477.94320274
2022-02-07 20:00:00,44282.9,44480.83,43775.0,43869.04,302.50867966
2022-02-08 00:00:00,43895.6,44228.71,43600.0,44228.71,130.15102669
2022-02-08 04:00:00,44226.01,45501.0,44137.45,44915.71,497.41599592
2022-02-08 08:00:00,44907.41,44979.45,43575.36,44029.1,538.72914054
2022-02-08 12:00:00,44025.13,44036.36,42945.0,43481.18,497.66857387
2022-02-08 16:00:00,43485.54,43730.39,42701.19,43029.58,531.71579394
2022-02-08 20:00:00,43029.57,44431.63,42965.02,44091.56,396.12093255
2022-02-09 00:00:00,44106.95,44380.02,43183.29,43392.03,301.8552927
2022-02-09 04:00:00,43398.93,43924.13,43164.0,43853.56,137.58776446
2022-02-09 08:00:00,43863.6,43968.53,43219.72,43785.19,322.41361989
2022-02-09 12:00:00,43763.26,44488.88,43683.56,43911.46,334.57518039
2022-02-09 16:00:00,43921.32,44738.28,43677.97,44511.9,262.19462382
2022-02-09 20:00:00,44551.7,44865.72,44257.99,44426.84,267.25704381
2022-02-10 00:00:00,44426.24,44426.24,43625.62,43821.7,164.36284448
2022-02-10 04:00:00,43842.8,44165.23,43625.0,44120.52,128.55298764
2022-02-10 08:00:00,44116.61,45200.16,44099.29,44879.25,300.59480957
2022-02-10 12:00:00,44877.39,45732.22,43209.07,44972.87,1036.33273397
2022-02-10 16:00:00,45000.0,45850.0,44378.99,44401.99,532.53398298
2022-02-10 20:00:00,44392.42,44715.43,43373.83,43524.6,530.24603944
2022-02-11 00:00:00,43540.15,43772.44,42625.0,43384.61,424.46096115
2022-02-11 04:00:00,43372.06,43451.79,42847.85,43384.96,149.65390492
2022-02-11 08:00:00,43387.46,43643.97,42902.79,43386.52,286.79441675
2022-02-11 12:00:00,43386.21,43969.72,43292.26,43713.91,316.30055891
2022-02-11 16:00:00,43698.38,43804.04,42083.94,42756.53,562.10209579
2022-02-11 20:00:00,42764.53,42886.11,41983.12,42406.19,431.06045989
2022-02-12 00:00:00,42392.22,42489.65,42193.91,42307.51,130.36694832
2022-02-12 04:00:00,42313.07,42443.69,41741.88,42131.17,114.64106329
2022-02-12 08:00:00,42135.5,42461.2,41877.9,42418.9,149.5175063
2022-02-12 12:00:00,42418.98,42459.03,41820.0,42146.63,113.48707654
2022-02-12 16:00:00,42148.5,43034.0,42020.38,42675.12,181.15246075
2022-02-12 20:00:00,42675.12,42788.43,41740.06,42241.11,203.18027523
2022-02-13 00:00:00,42232.68,42519.17,42077.71,42263.03,65.01748932
2022-02-13 04:00:00,42283.73,42483.76,42145.62,42452.49,38.07828029
2022-02-13 08:00:00,42415.4,42674.9,42289.02,42502.25,66.61519075
2022-02-13 12:00:00,42486.83,42779.6,42207.12,42597.08,83.3365473
2022-02-13 16:00:00,42600.59,42607.53,41882.54,42051.89,166.36243951
2022-02-13 20:00:00,42056.89,42498.88,41970.69,42077.74,96.04579511
2022-02-14 00:00:00,42078.53,42190.82,41575.0,41930.37,133.54591978
2022-02-14 04:00:00,41915.02,42388.11,41754.03,42337.26,134.08120159999999
2022-02-14 08:00:00,42337.26,42438.52,41935.36,42132.13,327.99364012
2022-02-14 12:00:00,42119.28,42871.68,41961.66,42600.5,255.32363246
2022-02-14 16:00:00,42601.65,42843.03,41825.39,42150.0,228.77077567
2022-02-14 20:00:00,42147.8,42824.43,42004.66,42540.3,191.17134734
2022-02-15 00:00:00,42567.27,43701.0,42469.96,43600.07,241.93261648
2022-02-15 04:00:00,43621.47,43805.6,43426.83,43735.69,168.44055746
2022-02-15 08:00:00,43717.62,44476.21,43638.88,44275.8,749.85686202
2022-02-15 12:00:00,44273.2,44543.9,44060.42,44228.02,170.36070761
2022-02-15 16:00:00,44248.38,44272.8,43882.82,44026.36,182.99454533
2022-02-15 20:00:00,44013.95,44785.66,43964.54,44582.48,259.33796938
2022-02-16 00:00:00,44590.75,44590.75,43938.7,44018.95,90.56796858
2022-02-16 04:00:00,44016.18,44230.14,43718.58,44227.69,126.5425167
2022-02-16 08:00:00,44225.15,44362.01,43908.88,44213.54,128.18857278
2022-02-16 12:00:00,44217.04,44250.0,43312.83,43630.5,308.35783596
2022-02-16 16:00:00,43630.5,44407.51,43367.73,44260.65,399.67470897
2022-02-16 20:00:00,44260.66,44402.2,43874.77,43901.48,198.50199121
2022-02-17 00:00:00,43901.49,44204.78,43598.93,43614.62,159.8790155
2022-02-17 04:00:00,43592.93,43965.13,43373.83,43962.04,142.25147446
2022-02-17 08:00:00,43965.73,44046.19,42950.74,43208.04,427.86350469
2022-02-17 12:00:00,43191.99,43376.16,41700.0,41958.26,591.5153525
2022-02-17 16:00:00,41937.62,42141.99,40804.6,41236.6,602.35141381
2022-02-17 20:00:00,41226.14,41226.14,40088.88,40556.11,513.62959992
2022-02-18 00:00:00,40532.66,40972.11,40331.93,40727.25,295.18005517
2022-02-18 04:00:00,40731.95,40815.35,40503.6,40690.03,221.94045127
2022-02-18 08:00:00,40697.33,40996.31,40112.78,40209.15,286.79307211
2022-02-18 12:00:00,40220.35,40811.13,39626.36,39860.98,700.34930235
2022-02-18 16:00:00,39835.62,40434.36,39450.0,40232.95,532.40213478
2022-02-18 20:00:00,40236.66,40311.76,39745.63,39996.99,176.04990442
2022-02-19 00:00:00,40008.75,40322.8,39952.19,40171.33,114.48059043
2022-02-19 04:00:00,40171.33,40471.27,40106.98,40306.75,56.26012411
2022-02-19 08:00:00,40297.75,40335.58,39587.08,39858.1,194.2208002
2022-02-19 12:00:00,39862.48,40086.02,39655.26,39985.6,184.65804927
2022-02-19 16:00:00,39985.6,40360.2,39876.85,39979.8,89.72179560000001
2022-02-19 20:00:00,39979.8,40166.49,39822.03,40109.02,56.31293639
2022-02-20 00:00:00,40108.62,40151.62,39716.56,39822.84,50.31451666
2022-02-20 04:00:00,39825.16,39853.22,38602.54,38811.55,437.76564637
2022-02-20 08:00:00,38782.5,38850.0,37974.18,38366.8,348.03947633
2022-02-20 12:00:00,38371.59,38628.0,38039.56,38373.62,121.285008
2022-02-20 16:00:00,38367.5,38536.17,38188.12,38409.51,110.09128762
2022-02-20 20:00:00,38416.41,38983.0,38059.05,38373.9,216.01561242
2022-02-21 00:00:00,38384.09,39397.63,38208.64,38939.65,322.87688563
2022-02-21 04:00:00,38973.81,39494.11,38956.51,39335.98,156.88320371
2022-02-21 08:00:00,39312.15,39395.59,37375.6,37606.76,574.50354301
2022-02-21 12:00:00,37590.05,39304.14,37200.02,38853.47,941.95498485
2022-02-21 16:00:00,38850.57,39168.73,37562.59,38154.35,845.96094234
2022-02-21 20:00:00,38166.06,38463.9,36810.72,37076.6,659.24080464
2022-02-22 00:00:00,37036.98,37462.33,36368.99,36601.97,528.79003829
2022-02-22 04:00:00,36612.29,37265.06,36543.21,36790.54,439.1800109
2022-02-22 08:00:00,36788.87,37883.78,36764.52,37552.95,292.6373142
2022-02-22 12:00:00,37524.0,38339.48,37301.0,37760.8,509.70936349
2022-02-22 16:00:00,37782.7,38183.1,37400.0,38085.19,407.79764434
2022-02-22 20:00:00,38127.16,38463.88,37782.46,38269.94,210.64466393
2022-02-23 00:00:00,38269.94,38381.0,37552.3,37786.4,154.00222988
2022-02-23 04:00:00,37763.79,38245.84,37749.08,38189.12,136.71098464
2022-02-23 08:00:00,38174.24,39162.1,38109.16,38811.2,343.71481352
2022-02-23 12:00:00,38821.3,39303.24,38463.9,38535.68,373.25513172
2022-02-23 16:00:00,38539.7,38794.0,37538.84,37636.45,527.45011209
2022-02-23 20:00:00,37631.18,37821.15,37060.16,37274.18,243.14198647999999
2022-02-24 00:00:00,37253.26,37444.13,34724.93,34945.2,1013.33342568
2022-02-24 04:00:00,34966.87,35536.74,34324.05,35313.4,2369.97937553
2022-02-24 08:00:00,35311.31,35888.88,34823.07,35441.97,684.20861343
2022-02-24 12:00:00,35460.62,36167.64,35071.03,35964.57,544.77835943
2022-02-24 16:00:00,35925.32,37388.88,35770.8,37328.59,656.88752616
2022-02-24 20:00:00,37350.42,39720.0,37322.65,38376.88,1033.66365636
2022-02-25 00:00:00,38360.93,39019.83,38176.97,38945.92,240.11991157
2022-02-25 04:00:00,38927.42,38950.43,38331.16,38519.32,163.21002713000001
2022-02-25 08:00:00,38488.58,38881.31,38027.61,38771.98,225.32452386
2022-02-25 12:00:00,38781.89,39727.97,38730.34,39481.66,643.93492891
2022-02-25 16:00:00,39442.92,39603.77,38556.27,38703.22,593.90602085
2022-02-25 20:00:00,38678.53,39680.89,38645.9,39231.64,336.35641499
2022-02-26 00:00:00,39242.64,40330.99,39099.51,39428.69,241.38283512
2022-02-26 04:00:00,39423.55,39488.93,38974.68,39227.4,126.04946021
2022-02-26 08:00:00,39219.53,39559.22,38600.0,38972.16,137.30369335
2022-02-26 12:00:00,38970.73,39380.32,38807.49,39274.16,110.80551510000001
2022-02-26 16:00:00,39235.05,39444.91,38854.55,39291.0,119.42804016
2022-02-26 20:00:00,39269.54,39681.18,38938.99,39146.66,177.75454296
2022-02-27 00:00:00,39146.66,39285.02,38218.11,38637.49,139.99387884
2022-02-27 04:00:00,38637.15,38901.1,38482.91,38837.37,56.81822156
2022-02-27 08:00:00,38841.57,39547.24,38659.86,39520.81,142.59645717
2022-02-27 12:00:00,39542.34,39886.92,38614.13,39377.9,284.13752287
2022-02-27 16:00:00,39377.9,39474.0,37538.96,37644.68,275.34363161
2022-02-27 20:00:00,37588.0,38303.39,37015.74,37712.68,802.92733102
2022-02-28 00:00:00,37717.1,38378.0,37468.99,37814.44,145.04367385
2022-02-28 04:00:00,37798.22,38488.88,37501.0,38378.13,150.42344528
2022-02-28 08:00:00,38375.17,38688.88,38104.13,38367.53,355.29880829
2022-02-28 12:00:00,38365.56,40912.56,37914.32,40846.38,888.67712083
2022-02-28 16:00:00,40860.33,41476.2,40524.73,41362.52,669.91501392
2022-02-28 20:00:00,41361.99,44256.08,41284.11,43178.98,951.26000827
2022-03-01 00:00:00,43221.71,43750.0,42870.04,43172.05,425.7147327
2022-03-01 04:00:00,43171.86,43573.33,43055.25,43529.83,203.55953821
2022-03-01 08:00:00,43500.0,43888.0,42847.85,43633.64,431.90414335
2022-03-01 12:00:00,43617.25,44981.22,43364.81,43701.49,1028.00011786
2022-03-01 16:00:00,43674.54,44097.95,43220.69,43760.38,510.42280398
2022-03-01 20:00:00,43737.94,44534.68,43737.77,44443.96,231.69588618
2022-03-02 00:00:00,44443.98,44751.26,43835.4,44361.64,157.61649814
2022-03-02 04:00:00,44362.04,44566.22,43688.36,44000.44,316.87942482
2022-03-02 08:00:00,44002.46,44377.34,43777.33,44159.4,180.53047012
2022-03-02 12:00:00,44135.74,45332.38,43350.0,44151.87,916.72822202
2022-03-02 16:00:00,44083.23,44501.0,43462.52,43729.4,304.95357841
2022-03-02 20:00:00,43729.45,44380.88,43711.82,43936.72,166.84864598000001
2022-03-03 00:00:00,43936.73,44078.96,43209.07,43352.07,115.00660628
2022-03-03 04:00:00,43320.87,43698.06,42934.01,43483.51,197.35860984
2022-03-03 08:00:00,43481.28,43645.35,43076.54,43422.59,138.97887587
2022-03-03 12:00:00,43389.41,44118.53,42343.56,42559.31,577.79151698
2022-03-03 16:00:00,42544.09,42745.2,42044.0,42214.75,836.97431963
2022-03-03 20:00:00,42201.57,42716.97,41832.34,42476.26,387.32084098
2022-03-04 00:00:00,42476.25,42540.57,41077.6,41439.51,338.21721328
2022-03-04 04:00:00,41441.61,41504.84,41125.0,41461.38,135.1339171
2022-03-04 08:00:00,41453.78,41901.0,40800.0,41653.63,363.33383758
2022-03-04 12:00:00,41700.63,41820.24,40551.14,40700.74,745.28057109
2022-03-04 16:00:00,40669.16,40958.34,39659.58,39773.94,488.03606982
2022-03-04 20:00:00,39781.22,39869.89,38590.95,39175.56,423.6558215
2022-03-05 00:00:00,39170.19,39216.5,38600.3,39079.97,149.75422944
2022-03-05 04:00:00,39092.96,39162.1,38711.58,39033.09,88.49858475
2022-03-05 08:00:00,39047.25,39285.63,38800.0,39159.85,211.38779183
2022-03-05 12:00:00,39146.25,39350.41,38915.0,39174.45,101.74792143
2022-03-05 16:00:00,39170.28,39620.3,39137.67,39457.36,107.00802089
2022-03-05 20:00:00,39457.36,39592.97,39290.52,39416.79,148.51488037000001
2022-03-06 00:00:00,39390.31,39701.0,39280.0,39293.36,171.13379940000002
2022-03-06 04:00:00,39300.33,39669.8,38812.84,39406.35,109.42149921
2022-03-06 08:00:00,39375.0,39380.39,38100.0,38357.65,248.62788921
2022-03-06 12:00:00,38347.39,39055.0,38303.32,38866.82,172.94035418
2022-03-06 16:00:00,38870.78,39350.41,38510.06,38683.68,262.51978874
2022-03-06 20:00:00,38683.41,39268.27,38147.18,38438.89,229.73040307
2022-03-07 00:00:00,38404.97,38556.27,37592.73,37865.39,240.96473677
2022-03-07 04:00:00,37893.15,38250.0,37778.15,37905.75,129.57466788
2022-03-07 08:00:00,37916.28,38417.22,37672.7,38361.61,242.45433848
2022-03-07 12:00:00,38382.73,39299.54,38382.73,39080.86,456.84172869
2022-03-07 16:00:00,39080.86,39557.26,37193.73,37321.41,508.62790044
2022-03-07 20:00:00,37325.31,38515.13,37169.52,38016.47,371.23354755
2022-03-08 00:00:00,38002.23,38953.58,37885.05,38700.56,229.04753861
2022-03-08 04:00:00,38705.56,38834.71,37990.38,38559.17,291.32775271
2022-03-08 08:00:00,38613.18,39180.0,38472.01,38983.4,391.80515027
2022-03-08 12:00:00,39045.88,39240.15,38325.76,38658.75,346.31141684
2022-03-08 16:00:00,38682.25,39377.0,38142.35,38756.92,428.54623763
2022-03-08 20:00:00,38778.19,38899.85,38391.4,38753.65,177.86651776
2022-03-09 00:00:00,38761.13,41418.02,38667.65,41230.2,439.2294162
2022-03-09 04:00:00,41310.05,41896.37,41270.44,41792.13,535.7031569
2022-03-09 08:00:00,41792.13,42438.72,41607.5,42171.34,292.88956429
2022-03-09 12:00:00,42186.51,42591.68,41672.14,42524.35,347.52692651
2022-03-09 16:00:00,42549.89,42576.62,41782.23,42264.69,185.33295108
2022-03-09 20:00:00,42220.17,42337.05,41700.0,41960.02,179.61160963
2022-03-10 00:00:00,41952.13,42053.95,40584.6,40831.26,350.25536093
2022-03-10 04:00:00,40802.68,40836.14,38846.8,39247.19,555.14108416
2022-03-10 08:00:00,39245.23,39400.0,38796.6,39089.51,427.66325749
2022-03-10 12:00:00,39090.41,40279.06,38545.19,39195.49,732.16733317
2022-03-10 16:00:00,39171.71,39573.59,38911.85,39474.23,254.38915662
2022-03-10 20:00:00,39473.88,39694.96,39097.03,39444.45,186.61863439
2022-03-11 00:00:00,39433.48,39450.69,38244.76,38735.74,329.51280359
2022-03-11 04:00:00,38736.92,39335.96,38356.44,39141.72,215.1530505
2022-03-11 08:00:00,39148.28,40209.11,38827.73,39921.45,345.5410643
2022-03-11 12:00:00,39908.89,40237.22,38918.49,39088.57,578.3500997
2022-03-11 16:00:00,39089.97,39093.47,38543.44,38791.29,293.39800823
2022-03-11 20:00:00,38782.73,39143.98,38310.71,38729.79,301.26832526
2022-03-12 00:00:00,38729.79,39318.82,38653.89,39103.77,207.76885184
2022-03-12 04:00:00,39092.13,39256.14,38942.95,39110.0,179.46033945
2022-03-12 08:00:00,39110.98,39282.2,38971.22,39090.17,109.4542441
2022-03-12 12:00:00,39112.67,39260.42,38682.47,39083.11,251.38499307
2022-03-12 16:00:00,39048.29,39458.58,38944.46,39051.36,123.76342774
2022-03-12 20:00:00,39051.36,39224.69,38741.67,38822.02,91.02380966
2022-03-13 00:00:00,38798.68,39256.14,38695.24,39200.08,74.93024463
2022-03-13 04:00:00,39205.74,39312.5,39066.98,39098.18,41.44420789
2022-03-13 08:00:00,39101.35,39140.44,38610.21,38751.26,104.5806206
2022-03-13 12:00:00,38732.97,39088.5,38400.0,38940.75,156.98727227
2022-03-13 16:00:00,38943.68,39061.84,38863.55,38883.69,73.77236747
2022-03-13 20:00:00,38859.3,38863.47,37595.62,37790.54,286.16541939
2022-03-14 00:00:00,37763.37,38325.76,37567.19,38163.49,235.84806051
2022-03-14 04:00:00,38164.88,39179.82,38146.47,39081.81,203.56702411
2022-03-14 08:00:00,39096.63,39303.25,38865.89,38908.75,205.82956535
2022-03-14 12:00:00,38902.51,39192.56,38648.86,38976.43,220.83074458
2022-03-14 16:00:00,38965.95,39073.09,38417.8,38795.53,249.23036132
2022-03-14 20:00:00,38805.15,39913.42,38606.8,39665.71,324.46192634
2022-03-15 00:00:00,39688.55,39801.0,38645.04,38786.17,198.9946195
2022-03-15 04:00:00,38754.74,38986.68,38142.35,38461.08,182.36480943
2022-03-15 08:00:00,38439.44,38793.38,38299.45,38680.52,133.68207966
2022-03-15 12:00:00,38660.92,39273.69,38488.88,39030.32,465.5710593
2022-03-15 16:00:00,39003.14,39821.87,38942.36,39718.5,261.08723374
2022-03-15 20:00:00,39736.87,39896.13,39260.15,39302.7,396.98422788
2022-03-16 00:00:00,39302.8,41693.97,38865.67,39168.28,1557.8824486
2022-03-16 04:00:00,39138.48,39667.98,38946.96,39579.9,365.95001713
2022-03-16 08:00:00,39609.0,40709.64,39588.12,40550.91,1019.69197522
2022-03-16 12:00:00,40544.75,41179.03,40263.9,40625.92,791.9605806
2022-03-16 16:00:00,40625.92,40959.0,39355.67,40897.34,1612.19335908
2022-03-16 20:00:00,40887.91,41467.11,40796.27,41142.76,639.42550839
2022-03-17 00:00:00,41142.76,41384.18,40843.01,41027.31,248.58582703
2022-03-17 04:00:00,41034.54,41497.24,40588.88,40753.96,326.92231912
2022-03-17 08:00:00,40763.41,40912.71,40496.95,40767.16,262.59514577
2022-03-17 12:00:00,40761.51,41231.28,40713.87,40811.32,300.86227805
2022-03-17 16:00:00,40829.08,40927.07,40449.06,40906.04,395.18235917
2022-03-17 20:00:00,40906.04,41081.32,40671.04,40963.22,123.61372418
2022-03-18 00:00:00,40963.22,40975.53,40300.0,40569.67,243.68948145
2022-03-18 04:00:00,40541.22,40910.95,40475.28,40602.74,161.80160767
2022-03-18 08:00:00,40587.46,40778.15,40068.88,40395.0,163.11970228
2022-03-18 12:00:00,40403.57,41084.84,40323.53,40960.69,446.9984256
2022-03-18 16:00:00,40944.68,42144.95,40926.87,42055.89,890.54529648
2022-03-18 20:00:00,42085.13,42362.0,41661.32,41794.37,218.96866823
2022-03-19 00:00:00,41781.96,42031.27,41553.88,41824.12,202.4922857
2022-03-19 04:00:00,41836.1,41969.98,41570.16,41640.98,72.11033144
2022-03-19 08:00:00,41640.98,41826.97,41610.53,41756.83,35.8939658
2022-03-19 12:00:00,41742.21,42116.88,41688.97,41990.0,190.75768642
2022-03-19 16:00:00,41974.75,42171.97,41818.3,42066.94,173.29529629
2022-03-19 20:00:00,42041.57,42405.01,41750.31,42235.31,302.3392854
2022-03-20 00:00:00,42240.43,42324.06,41798.34,41961.03,197.12848576
2022-03-20 04:00:00,41971.07,42028.57,41789.14,41883.87,54.27419148
2022-03-20 08:00:00,41879.57,41972.91,41604.02,41648.11,72.68404404
2022-03-20 12:00:00,41640.65,41726.4,41295.65,41378.59,195.97426249
2022-03-20 16:00:00,41368.07,41525.37,40930.2,41410.0,214.44137378
2022-03-20 20:00:00,41410.0,41693.97,41122.58,41242.14,326.85071609
2022-03-21 00:00:00,41293.19,41475.4,40516.86,40849.26,303.84175319999997
2022-03-21 04:00:00,40849.88,41159.14,40739.49,41132.09,165.86152853
2022-03-21 08:00:00,41133.93,41505.66,41100.9,41280.58,159.02335286
2022-03-21 12:00:00,41280.9,41588.7,40753.54,41243.34,763.93414802
2022-03-21 16:00:00,41254.01,41262.67,40768.38,41199.35,290.5539122
2022-03-21 20:00:00,41198.64,41392.49,40976.26,41043.14,96.28337102
2022-03-22 00:00:00,41018.36,42500.0,40901.13,42263.22,449.29574252000003
2022-03-22 04:00:00,42284.48,43337.41,42017.95,42270.03,724.26619289
2022-03-22 08:00:00,42268.49,43055.81,42120.87,43020.13,367.06933117
2022-03-22 12:00:00,43020.13,43249.5,42575.0,42601.81,471.23482474
2022-03-22 16:00:00,42600.56,42732.3,42290.0,42309.72,148.48786808
2022-03-22 20:00:00,42289.41,42896.7,42285.1,42393.41,215.0706941
2022-03-23 00:00:00,42393.62,42554.37,41929.19,42088.58,360.99630718000003
2022-03-23 04:00:00,42083.94,42300.0,41779.11,42138.43,296.70447309
2022-03-23 08:00:00,42121.31,42369.79,41908.05,42066.1,253.26364606
2022-03-23 12:00:00,42060.42,42753.71,41874.84,42660.48,406.92610506
2022-03-23 16:00:00,42658.29,42788.88,42077.58,42241.47,387.80548027
2022-03-23 20:00:00,42242.37,43021.73,42205.96,42925.41,201.02753479
2022-03-24 00:00:00,42912.21,43300.0,42670.78,42751.57,307.91102248
2022-03-24 04:00:00,42769.77,43492.74,42741.56,43105.07,461.41068727
2022-03-24 08:00:00,43096.91,43250.93,42855.54,42988.82,223.93461167
2022-03-24 12:00:00,42983.56,44050.74,42636.54,43993.5,640.94445124
2022-03-24 16:00:00,44014.44,44240.0,43785.98,43948.31,416.86893628
2022-03-24 20:00:00,43953.46,44117.71,43832.39,44025.99,122.23526557
2022-03-25 00:00:00,44025.99,44400.0,43858.98,43999.6,183.82018565
2022-03-25 04:00:00,43990.4,44234.85,43930.36,43949.93,142.77341306
2022-03-25 08:00:00,43948.54,44698.38,43616.88,44636.53,322.56422579
2022-03-25 12:00:00,44636.29,45137.12,44220.0,44310.53,716.88445428
2022-03-25 16:00:00,44351.74,44611.64,44033.62,44470.73,252.08196648
2022-03-25 20:00:00,44470.72,44633.54,44253.41,44320.6,106.94732464
2022-03-26 00:00:00,44340.49,44486.78,44101.0,44434.42,67.08165394
2022-03-26 04:00:00,44432.2,44589.39,44376.99,44535.86,85.09553281
2022-03-26 08:00:00,44540.26,44605.16,44356.29,44358.19,63.3483946
2022-03-26 12:00:00,44346.57,44431.04,44171.2,44233.39,63.43201872
2022-03-26 16:00:00,44240.36,44500.0,44167.0,44388.61,49.48434929
2022-03-26 20:00:00,44395.41,44815.31,44294.39,44535.65,166.28225274
2022-03-27 00:00:00,44553.24,44959.0,44521.46,44741.08,134.12422017
2022-03-27 04:00:00,44740.79,44790.86,44570.13,44763.49,55.12566915
2022-03-27 08:00:00,44763.49,44772.52,44527.71,44579.72,49.37905308
2022-03-27 12:00:00,44575.51,44919.0,44456.9,44887.02,135.26185267
2022-03-27 16:00:00,44887.01,45043.65,44756.79,44864.48,105.99271443
2022-03-27 20:00:00,44864.48,46950.0,44715.15,46864.39,1069.00539577
2022-03-28 00:00:00,46854.96,47765.94,46672.25,47065.9,396.8340588
2022-03-28 04:00:00,47065.9,47371.88,46767.63,47010.0,405.34538884
2022-03-28 08:00:00,47010.0,47400.0,46870.38,47281.49,321.60770904
2022-03-28 12:00:00,47281.49,47900.01,47149.56,47445.5,540.52533808
2022-03-28 16:00:00,47446.73,48234.0,47341.41,47988.7,689.79344974
2022-03-28 20:00:00,47974.06,48128.18,46897.0,47152.38,337.83190311
2022-03-29 00:00:00,47152.38,47647.45,47082.87,47360.23,194.04570842
2022-03-29 04:00:00,47360.23,47752.91,47328.63,47385.72,186.0590527
2022-03-29 08:00:00,47384.28,47993.02,47372.59,47939.26,222.84282456
2022-03-29 12:00:00,47935.15,48128.87,47370.86,47471.18,488.2378989
2022-03-29 16:00:00,47482.19,47901.0,47126.06,47755.31,342.66151877
2022-03-29 20:00:00,47736.91,47759.56,46941.84,47459.03,282.47691973
2022-03-30 00:00:00,47459.03,47487.77,46572.15,47469.64,352.4410286
2022-03-30 04:00:00,47462.19,47603.38,47167.69,47409.84,158.11442487
2022-03-30 08:00:00,47405.61,47521.25,47085.0,47355.92,256.60621536
2022-03-30 12:00:00,47345.43,47369.87,46879.92,47179.92,314.96291588
2022-03-30 16:00:00,47149.66,47721.41,46845.7,47111.08,432.12891642
2022-03-30 20:00:00,47111.7,47349.15,46867.97,47068.08,113.28971643
2022-03-31 00:00:00,47086.07,47434.45,46993.29,47110.18,113.129365
2022-03-31 04:00:00,47110.18,47202.98,46912.75,47188.67,74.23271062
2022-03-31 08:00:00,47185.41,47401.41,47072.31,47177.65,112.00586942
2022-03-31 12:00:00,47177.69,47624.18,46000.0,46472.91,399.36434727
2022-03-31 16:00:00,46469.75,46500.0,45532.72,45622.39,398.39948872
2022-03-31 20:00:00,45617.11,45877.53,45234.0,45517.27,275.83332633
2022-04-01 00:00:00,45522.53,45662.62,44244.0,44625.63,483.46780917
2022-04-01 04:00:00,44587.51,45101.76,44587.51,45018.33,247.65347362
2022-04-01 08:00:00,45041.19,45339.0,45015.56,45086.68,189.92878933
2022-04-01 12:00:00,45094.47,46739.81,44734.52,46541.84,673.35863047
2022-04-01 16:00:00,46557.14,46602.36,45916.54,46397.67,270.5680443
2022-04-01 20:00:00,46382.07,46453.51,46104.72,46307.81,88.24278168
2022-04-02 00:00:00,46306.38,47218.17,46112.43,46613.38,211.84035317000001
2022-04-02 04:00:00,46613.38,46689.06,46427.57,46613.9,40.82658374
2022-04-02 08:00:00,46617.08,46762.48,46521.56,46573.42,77.46138962
2022-04-02 12:00:00,46567.48,46953.11,46175.0,46299.12,152.31021516
2022-04-02 16:00:00,46317.15,46510.75,45650.0,46173.21,155.53046748
2022-04-02 20:00:00,46150.89,46348.56,45784.74,45820.28,86.3397409
2022-04-03 00:00:00,45820.28,46086.47,45565.64,45971.74,77.77931606
2022-04-03 04:00:00,45956.66,46582.73,45956.66,46384.61,101.80571821
2022-04-03 08:00:00,46437.24,46461.7,46188.66,46281.96,38.50646929
